Array,true:beta,true:t_init,true:E_init,start:beta,start:t_init,start:E_init
1,0,2020-02-15,1,1.1,2020-03-10,1
2,0.01,2020-02-15,1,0.74,2020-02-22,1
3,0.02,2020-02-15,1,1.28,2020-02-25,1
4,0.03,2020-02-15,1,0.23,2020-03-09,1
5,0.04,2020-02-15,1,0.17,2020-03-07,1
6,0.05,2020-02-15,1,1.47,2020-03-07,1
7,0.06,2020-02-15,1,1.18,2020-02-23,1
8,0.07,2020-02-15,1,0.02,2020-03-09,1
9,0.08,2020-02-15,1,1.22,2020-02-17,1
10,0.09,2020-02-15,1,1.43,2020-03-01,1
11,0.1,2020-02-15,1,0.92,2020-03-04,1
12,0.11,2020-02-15,1,0.27,2020-03-01,1
13,0.12,2020-02-15,1,0.36,2020-02-20,1
14,0.13,2020-02-15,1,0.71,2020-02-22,1
15,0.14,2020-02-15,1,1.24,2020-03-04,1
16,0.15,2020-02-15,1,1.22,2020-02-19,1
17,0.16,2020-02-15,1,0.31,2020-02-28,1
18,0.17,2020-02-15,1,1.18,2020-02-27,1
19,0.18,2020-02-15,1,0.79,2020-03-13,1
20,0.19,2020-02-15,1,0.68,2020-02-23,1
21,0.2,2020-02-15,1,0.45,2020-02-27,1
22,0.21,2020-02-15,1,0.96,2020-02-22,1
23,0.22,2020-02-15,1,0.24,2020-02-26,1
24,0.23,2020-02-15,1,0.23,2020-03-05,1
25,0.24,2020-02-15,1,1.3900000000000001,2020-03-13,1
26,0.25,2020-02-15,1,1,2020-02-23,1
27,0.26,2020-02-15,1,0.86,2020-03-01,1
28,0.27,2020-02-15,1,1.1,2020-02-23,1
29,0.28,2020-02-15,1,0.68,2020-02-24,1
30,0.29,2020-02-15,1,0.78,2020-03-07,1
31,0.3,2020-02-15,1,1.02,2020-02-29,1
32,0.31,2020-02-15,1,1.33,2020-02-19,1
33,0.32,2020-02-15,1,0.4,2020-03-02,1
34,0.33,2020-02-15,1,1.28,2020-03-06,1
35,0.34,2020-02-15,1,0.87,2020-03-07,1
36,0.35000000000000003,2020-02-15,1,0.39,2020-03-05,1
37,0.36,2020-02-15,1,0.8300000000000001,2020-02-23,1
38,0.37,2020-02-15,1,0.72,2020-03-11,1
39,0.38,2020-02-15,1,0.96,2020-03-01,1
40,0.39,2020-02-15,1,0.13,2020-02-21,1
41,0.4,2020-02-15,1,0.75,2020-03-10,1
42,0.41000000000000003,2020-02-15,1,0.38,2020-02-27,1
43,0.42,2020-02-15,1,1.32,2020-03-11,1
44,0.43,2020-02-15,1,0.54,2020-03-01,1
45,0.44,2020-02-15,1,0.54,2020-03-11,1
46,0.45,2020-02-15,1,0.9500000000000001,2020-03-10,1
47,0.46,2020-02-15,1,0.72,2020-03-08,1
48,0.47000000000000003,2020-02-15,1,0.37,2020-02-17,1
49,0.48,2020-02-15,1,0.11,2020-02-16,1
50,0.49,2020-02-15,1,0.66,2020-02-16,1
51,0.5,2020-02-15,1,0.21,2020-03-10,1
52,0.51,2020-02-15,1,0.41000000000000003,2020-02-26,1
53,0.52,2020-02-15,1,0.35000000000000003,2020-03-07,1
54,0.53,2020-02-15,1,0.45,2020-03-10,1
55,0.54,2020-02-15,1,0.7000000000000001,2020-02-21,1
56,0.55,2020-02-15,1,1.41,2020-03-04,1
57,0.56,2020-02-15,1,0.76,2020-02-28,1
58,0.5700000000000001,2020-02-15,1,0.87,2020-02-16,1
59,0.58,2020-02-15,1,0.11,2020-02-28,1
60,0.59,2020-02-15,1,0.89,2020-02-18,1
61,0.6,2020-02-15,1,1.42,2020-03-13,1
62,0.61,2020-02-15,1,0.09,2020-02-24,1
63,0.62,2020-02-15,1,0.76,2020-02-19,1
64,0.63,2020-02-15,1,0.8300000000000001,2020-02-18,1
65,0.64,2020-02-15,1,1.46,2020-03-03,1
66,0.65,2020-02-15,1,1.07,2020-02-18,1
67,0.66,2020-02-15,1,1,2020-02-26,1
68,0.67,2020-02-15,1,1.28,2020-03-04,1
69,0.68,2020-02-15,1,0.15,2020-03-04,1
70,0.6900000000000001,2020-02-15,1,1.19,2020-02-22,1
71,0.7000000000000001,2020-02-15,1,1.03,2020-03-08,1
72,0.71,2020-02-15,1,1.35,2020-02-27,1
73,0.72,2020-02-15,1,0.09,2020-03-07,1
74,0.73,2020-02-15,1,1.11,2020-02-16,1
75,0.74,2020-02-15,1,0.26,2020-03-06,1
76,0.75,2020-02-15,1,0.33,2020-02-19,1
77,0.76,2020-02-15,1,0.99,2020-02-27,1
78,0.77,2020-02-15,1,0.9500000000000001,2020-02-26,1
79,0.78,2020-02-15,1,1.02,2020-03-03,1
80,0.79,2020-02-15,1,0.14,2020-02-26,1
81,0.8,2020-02-15,1,1.22,2020-03-10,1
82,0.81,2020-02-15,1,0.8300000000000001,2020-02-26,1
83,0.8200000000000001,2020-02-15,1,1.16,2020-02-23,1
84,0.8300000000000001,2020-02-15,1,0.6900000000000001,2020-03-08,1
85,0.84,2020-02-15,1,0.13,2020-02-28,1
86,0.85,2020-02-15,1,0.17,2020-03-11,1
87,0.86,2020-02-15,1,0.8300000000000001,2020-02-26,1
88,0.87,2020-02-15,1,1.05,2020-02-28,1
89,0.88,2020-02-15,1,0.45,2020-03-05,1
90,0.89,2020-02-15,1,1.48,2020-02-25,1
91,0.9,2020-02-15,1,0.55,2020-02-26,1
92,0.91,2020-02-15,1,0.48,2020-03-09,1
93,0.92,2020-02-15,1,1.3,2020-03-06,1
94,0.93,2020-02-15,1,1.09,2020-03-01,1
95,0.9400000000000001,2020-02-15,1,1.33,2020-02-23,1
96,0.9500000000000001,2020-02-15,1,0.14,2020-02-28,1
97,0.96,2020-02-15,1,0.47000000000000003,2020-02-25,1
98,0.97,2020-02-15,1,0.5700000000000001,2020-03-10,1
99,0.98,2020-02-15,1,1.1,2020-02-28,1
100,0.99,2020-02-15,1,0.8200000000000001,2020-02-29,1
101,1,2020-02-15,1,0.88,2020-03-13,1
102,1.01,2020-02-15,1,0.81,2020-02-21,1
103,1.02,2020-02-15,1,0.29,2020-02-22,1
104,1.03,2020-02-15,1,1.32,2020-02-16,1
105,1.04,2020-02-15,1,0.03,2020-03-01,1
106,1.05,2020-02-15,1,0.1,2020-02-28,1
107,1.06,2020-02-15,1,0.09,2020-03-03,1
108,1.07,2020-02-15,1,1.18,2020-02-16,1
109,1.08,2020-02-15,1,0.28,2020-03-04,1
110,1.09,2020-02-15,1,0.8200000000000001,2020-03-07,1
111,1.1,2020-02-15,1,0.81,2020-02-24,1
112,1.11,2020-02-15,1,1.08,2020-02-26,1
113,1.12,2020-02-15,1,1.19,2020-03-09,1
114,1.1300000000000001,2020-02-15,1,0.66,2020-02-25,1
115,1.1400000000000001,2020-02-15,1,1.48,2020-02-19,1
116,1.1500000000000001,2020-02-15,1,0.85,2020-02-15,1
117,1.16,2020-02-15,1,0.24,2020-02-26,1
118,1.17,2020-02-15,1,0.52,2020-02-26,1
119,1.18,2020-02-15,1,0.56,2020-02-17,1
120,1.19,2020-02-15,1,0.15,2020-03-11,1
121,1.2,2020-02-15,1,0.58,2020-02-29,1
122,1.21,2020-02-15,1,1.31,2020-03-04,1
123,1.22,2020-02-15,1,0.5700000000000001,2020-02-26,1
124,1.23,2020-02-15,1,0.02,2020-02-26,1
125,1.24,2020-02-15,1,0.62,2020-02-25,1
126,1.25,2020-02-15,1,0.9500000000000001,2020-02-23,1
127,1.26,2020-02-15,1,1.46,2020-03-11,1
128,1.27,2020-02-15,1,0.67,2020-02-21,1
129,1.28,2020-02-15,1,1.34,2020-03-13,1
130,1.29,2020-02-15,1,1.23,2020-03-13,1
131,1.3,2020-02-15,1,1.21,2020-02-29,1
132,1.31,2020-02-15,1,0.74,2020-03-07,1
133,1.32,2020-02-15,1,1.05,2020-03-06,1
134,1.33,2020-02-15,1,0.65,2020-02-19,1
135,1.34,2020-02-15,1,0.05,2020-02-17,1
136,1.35,2020-02-15,1,0.13,2020-02-20,1
137,1.36,2020-02-15,1,1.29,2020-02-20,1
138,1.37,2020-02-15,1,0.31,2020-02-24,1
139,1.3800000000000001,2020-02-15,1,0.56,2020-03-12,1
140,1.3900000000000001,2020-02-15,1,1.04,2020-02-17,1
141,1.4000000000000001,2020-02-15,1,0.9,2020-02-27,1
142,1.41,2020-02-15,1,0.43,2020-02-25,1
143,1.42,2020-02-15,1,0.33,2020-03-05,1
144,1.43,2020-02-15,1,0.09,2020-03-03,1
145,1.44,2020-02-15,1,0.18,2020-02-29,1
146,1.45,2020-02-15,1,1.21,2020-02-28,1
147,1.46,2020-02-15,1,1.1500000000000001,2020-03-02,1
148,1.47,2020-02-15,1,1.16,2020-03-09,1
149,1.48,2020-02-15,1,1.11,2020-02-26,1
150,1.49,2020-02-15,1,0.81,2020-02-23,1
151,1.5,2020-02-15,1,1,2020-03-01,1
152,0,2020-02-18,1,1.33,2020-02-17,1
153,0.01,2020-02-18,1,0.06,2020-03-10,1
154,0.02,2020-02-18,1,0.26,2020-03-09,1
155,0.03,2020-02-18,1,1.5,2020-02-29,1
156,0.04,2020-02-18,1,0.29,2020-02-23,1
157,0.05,2020-02-18,1,0.59,2020-02-21,1
158,0.06,2020-02-18,1,1.04,2020-02-23,1
159,0.07,2020-02-18,1,1.1400000000000001,2020-03-03,1
160,0.08,2020-02-18,1,0.46,2020-02-21,1
161,0.09,2020-02-18,1,0.9,2020-02-26,1
162,0.1,2020-02-18,1,0.05,2020-03-07,1
163,0.11,2020-02-18,1,0.67,2020-02-18,1
164,0.12,2020-02-18,1,0.77,2020-02-23,1
165,0.13,2020-02-18,1,1.2,2020-03-03,1
166,0.14,2020-02-18,1,1.18,2020-03-03,1
167,0.15,2020-02-18,1,0.8200000000000001,2020-03-06,1
168,0.16,2020-02-18,1,1.3900000000000001,2020-03-05,1
169,0.17,2020-02-18,1,1.25,2020-02-17,1
170,0.18,2020-02-18,1,0.91,2020-02-17,1
171,0.19,2020-02-18,1,1.5,2020-02-17,1
172,0.2,2020-02-18,1,1.19,2020-03-07,1
173,0.21,2020-02-18,1,0.96,2020-02-19,1
174,0.22,2020-02-18,1,1.23,2020-02-16,1
175,0.23,2020-02-18,1,0.5,2020-02-18,1
176,0.24,2020-02-18,1,0.55,2020-03-13,1
177,0.25,2020-02-18,1,0.29,2020-02-20,1
178,0.26,2020-02-18,1,1.26,2020-03-10,1
179,0.27,2020-02-18,1,0.4,2020-03-01,1
180,0.28,2020-02-18,1,0.07,2020-02-25,1
181,0.29,2020-02-18,1,0.8,2020-03-08,1
182,0.3,2020-02-18,1,0.02,2020-02-22,1
183,0.31,2020-02-18,1,1.1,2020-02-26,1
184,0.32,2020-02-18,1,0.74,2020-03-13,1
185,0.33,2020-02-18,1,0.7000000000000001,2020-03-06,1
186,0.34,2020-02-18,1,0.61,2020-02-16,1
187,0.35000000000000003,2020-02-18,1,0.06,2020-03-05,1
188,0.36,2020-02-18,1,1.33,2020-03-05,1
189,0.37,2020-02-18,1,0.9500000000000001,2020-02-17,1
190,0.38,2020-02-18,1,1.3800000000000001,2020-03-11,1
191,0.39,2020-02-18,1,1,2020-02-16,1
192,0.4,2020-02-18,1,0.8300000000000001,2020-02-21,1
193,0.41000000000000003,2020-02-18,1,1.1500000000000001,2020-02-25,1
194,0.42,2020-02-18,1,0.16,2020-02-19,1
195,0.43,2020-02-18,1,1.08,2020-02-21,1
196,0.44,2020-02-18,1,0.46,2020-03-03,1
197,0.45,2020-02-18,1,0.38,2020-02-27,1
198,0.46,2020-02-18,1,1.3800000000000001,2020-03-06,1
199,0.47000000000000003,2020-02-18,1,1.36,2020-02-25,1
200,0.48,2020-02-18,1,0.2,2020-02-25,1
201,0.49,2020-02-18,1,0.16,2020-02-19,1
202,0.5,2020-02-18,1,1.06,2020-03-12,1
203,0.51,2020-02-18,1,1.36,2020-03-04,1
204,0.52,2020-02-18,1,0.84,2020-02-22,1
205,0.53,2020-02-18,1,0.45,2020-03-02,1
206,0.54,2020-02-18,1,0.01,2020-02-25,1
207,0.55,2020-02-18,1,0.53,2020-02-29,1
208,0.56,2020-02-18,1,0.49,2020-03-03,1
209,0.5700000000000001,2020-02-18,1,1.16,2020-02-28,1
210,0.58,2020-02-18,1,0.72,2020-02-19,1
211,0.59,2020-02-18,1,0.14,2020-03-13,1
212,0.6,2020-02-18,1,0.61,2020-02-19,1
213,0.61,2020-02-18,1,0.87,2020-02-19,1
214,0.62,2020-02-18,1,0.01,2020-03-03,1
215,0.63,2020-02-18,1,0.78,2020-02-22,1
216,0.64,2020-02-18,1,0.76,2020-02-24,1
217,0.65,2020-02-18,1,1.37,2020-03-04,1
218,0.66,2020-02-18,1,0.6,2020-02-27,1
219,0.67,2020-02-18,1,0.3,2020-02-25,1
220,0.68,2020-02-18,1,0.9500000000000001,2020-02-20,1
221,0.6900000000000001,2020-02-18,1,1.3800000000000001,2020-03-13,1
222,0.7000000000000001,2020-02-18,1,1.45,2020-03-03,1
223,0.71,2020-02-18,1,0.9,2020-02-27,1
224,0.72,2020-02-18,1,1.1400000000000001,2020-03-13,1
225,0.73,2020-02-18,1,0.41000000000000003,2020-02-29,1
226,0.74,2020-02-18,1,0.93,2020-03-04,1
227,0.75,2020-02-18,1,1.07,2020-02-24,1
228,0.76,2020-02-18,1,0.54,2020-03-06,1
229,0.77,2020-02-18,1,0.31,2020-03-03,1
230,0.78,2020-02-18,1,0.8300000000000001,2020-03-09,1
231,0.79,2020-02-18,1,0.92,2020-03-03,1
232,0.8,2020-02-18,1,1.09,2020-02-28,1
233,0.81,2020-02-18,1,0.05,2020-02-21,1
234,0.8200000000000001,2020-02-18,1,0.56,2020-02-19,1
235,0.8300000000000001,2020-02-18,1,0.32,2020-02-18,1
236,0.84,2020-02-18,1,1.1300000000000001,2020-02-28,1
237,0.85,2020-02-18,1,1.34,2020-03-03,1
238,0.86,2020-02-18,1,0.52,2020-03-01,1
239,0.87,2020-02-18,1,0.98,2020-03-06,1
240,0.88,2020-02-18,1,0.65,2020-03-08,1
241,0.89,2020-02-18,1,0.36,2020-03-13,1
242,0.9,2020-02-18,1,0.49,2020-03-07,1
243,0.91,2020-02-18,1,1.07,2020-02-23,1
244,0.92,2020-02-18,1,1.3,2020-02-24,1
245,0.93,2020-02-18,1,0.24,2020-02-24,1
246,0.9400000000000001,2020-02-18,1,0.5700000000000001,2020-03-05,1
247,0.9500000000000001,2020-02-18,1,1,2020-02-29,1
248,0.96,2020-02-18,1,1.1400000000000001,2020-02-28,1
249,0.97,2020-02-18,1,1.1300000000000001,2020-03-01,1
250,0.98,2020-02-18,1,0.81,2020-03-10,1
251,0.99,2020-02-18,1,0.12,2020-02-23,1
252,1,2020-02-18,1,0.49,2020-02-21,1
253,1.01,2020-02-18,1,0.09,2020-03-02,1
254,1.02,2020-02-18,1,1.1500000000000001,2020-03-05,1
255,1.03,2020-02-18,1,0.38,2020-03-08,1
256,1.04,2020-02-18,1,1.23,2020-02-20,1
257,1.05,2020-02-18,1,1.1500000000000001,2020-02-24,1
258,1.06,2020-02-18,1,0.12,2020-03-13,1
259,1.07,2020-02-18,1,0.35000000000000003,2020-03-04,1
260,1.08,2020-02-18,1,0.08,2020-02-22,1
261,1.09,2020-02-18,1,1.45,2020-02-18,1
262,1.1,2020-02-18,1,0.8300000000000001,2020-02-29,1
263,1.11,2020-02-18,1,0.59,2020-03-08,1
264,1.12,2020-02-18,1,0.21,2020-02-23,1
265,1.1300000000000001,2020-02-18,1,0.49,2020-03-09,1
266,1.1400000000000001,2020-02-18,1,1.04,2020-02-24,1
267,1.1500000000000001,2020-02-18,1,0.21,2020-02-21,1
268,1.16,2020-02-18,1,1.26,2020-02-23,1
269,1.17,2020-02-18,1,0.33,2020-02-28,1
270,1.18,2020-02-18,1,1.3900000000000001,2020-03-05,1
271,1.19,2020-02-18,1,0.09,2020-03-09,1
272,1.2,2020-02-18,1,1.46,2020-03-13,1
273,1.21,2020-02-18,1,0.1,2020-03-02,1
274,1.22,2020-02-18,1,0.39,2020-02-16,1
275,1.23,2020-02-18,1,0.7000000000000001,2020-03-06,1
276,1.24,2020-02-18,1,0.59,2020-02-27,1
277,1.25,2020-02-18,1,1.41,2020-03-11,1
278,1.26,2020-02-18,1,1.33,2020-02-26,1
279,1.27,2020-02-18,1,0.48,2020-02-19,1
280,1.28,2020-02-18,1,1.3900000000000001,2020-02-26,1
281,1.29,2020-02-18,1,0.48,2020-03-03,1
282,1.3,2020-02-18,1,0.25,2020-03-11,1
283,1.31,2020-02-18,1,1.31,2020-02-15,1
284,1.32,2020-02-18,1,1.36,2020-03-09,1
285,1.33,2020-02-18,1,1.24,2020-02-21,1
286,1.34,2020-02-18,1,0.29,2020-03-04,1
287,1.35,2020-02-18,1,0.6900000000000001,2020-02-29,1
288,1.36,2020-02-18,1,0.8,2020-03-03,1
289,1.37,2020-02-18,1,0.55,2020-02-27,1
290,1.3800000000000001,2020-02-18,1,1.42,2020-03-04,1
291,1.3900000000000001,2020-02-18,1,0.27,2020-02-26,1
292,1.4000000000000001,2020-02-18,1,0.47000000000000003,2020-02-16,1
293,1.41,2020-02-18,1,0.76,2020-02-23,1
294,1.42,2020-02-18,1,0.4,2020-02-29,1
295,1.43,2020-02-18,1,0.07,2020-03-12,1
296,1.44,2020-02-18,1,0.11,2020-03-09,1
297,1.45,2020-02-18,1,1.03,2020-02-27,1
298,1.46,2020-02-18,1,1.2,2020-02-24,1
299,1.47,2020-02-18,1,1.45,2020-02-15,1
300,1.48,2020-02-18,1,0.54,2020-03-05,1
301,1.49,2020-02-18,1,0.09,2020-02-29,1
302,1.5,2020-02-18,1,0.81,2020-03-07,1
303,0,2020-02-21,1,1.33,2020-03-09,1
304,0.01,2020-02-21,1,1.24,2020-02-19,1
305,0.02,2020-02-21,1,1.08,2020-02-17,1
306,0.03,2020-02-21,1,1.12,2020-03-01,1
307,0.04,2020-02-21,1,0.59,2020-03-03,1
308,0.05,2020-02-21,1,1.45,2020-03-08,1
309,0.06,2020-02-21,1,0.34,2020-03-13,1
310,0.07,2020-02-21,1,0.29,2020-02-18,1
311,0.08,2020-02-21,1,0.99,2020-03-12,1
312,0.09,2020-02-21,1,0.22,2020-03-02,1
313,0.1,2020-02-21,1,0.71,2020-02-17,1
314,0.11,2020-02-21,1,1.1300000000000001,2020-02-19,1
315,0.12,2020-02-21,1,0.06,2020-03-06,1
316,0.13,2020-02-21,1,1.47,2020-02-21,1
317,0.14,2020-02-21,1,1.49,2020-03-09,1
318,0.15,2020-02-21,1,1.2,2020-03-02,1
319,0.16,2020-02-21,1,0.17,2020-02-24,1
320,0.17,2020-02-21,1,1.44,2020-03-02,1
321,0.18,2020-02-21,1,0.59,2020-02-16,1
322,0.19,2020-02-21,1,0.11,2020-02-28,1
323,0.2,2020-02-21,1,0.76,2020-03-01,1
324,0.21,2020-02-21,1,0.5700000000000001,2020-02-28,1
325,0.22,2020-02-21,1,0.12,2020-02-17,1
326,0.23,2020-02-21,1,0.5,2020-03-09,1
327,0.24,2020-02-21,1,1.18,2020-02-15,1
328,0.25,2020-02-21,1,0.92,2020-02-15,1
329,0.26,2020-02-21,1,1.3800000000000001,2020-02-19,1
330,0.27,2020-02-21,1,1.27,2020-03-12,1
331,0.28,2020-02-21,1,0.87,2020-02-16,1
332,0.29,2020-02-21,1,1.5,2020-02-28,1
333,0.3,2020-02-21,1,0.88,2020-02-24,1
334,0.31,2020-02-21,1,0.79,2020-02-24,1
335,0.32,2020-02-21,1,1.37,2020-03-01,1
336,0.33,2020-02-21,1,0.99,2020-03-09,1
337,0.34,2020-02-21,1,0.9,2020-02-25,1
338,0.35000000000000003,2020-02-21,1,0.37,2020-03-01,1
339,0.36,2020-02-21,1,0.12,2020-03-13,1
340,0.37,2020-02-21,1,0.23,2020-03-04,1
341,0.38,2020-02-21,1,0.72,2020-03-01,1
342,0.39,2020-02-21,1,1.16,2020-03-09,1
343,0.4,2020-02-21,1,0.76,2020-02-18,1
344,0.41000000000000003,2020-02-21,1,1.25,2020-02-19,1
345,0.42,2020-02-21,1,0.64,2020-03-02,1
346,0.43,2020-02-21,1,1.42,2020-03-11,1
347,0.44,2020-02-21,1,0.28,2020-02-24,1
348,0.45,2020-02-21,1,1.29,2020-02-19,1
349,0.46,2020-02-21,1,0.9400000000000001,2020-02-16,1
350,0.47000000000000003,2020-02-21,1,1.46,2020-03-01,1
351,0.48,2020-02-21,1,1.19,2020-02-25,1
352,0.49,2020-02-21,1,0.04,2020-02-26,1
353,0.5,2020-02-21,1,0.38,2020-03-06,1
354,0.51,2020-02-21,1,0.19,2020-02-23,1
355,0.52,2020-02-21,1,0.54,2020-02-21,1
356,0.53,2020-02-21,1,0.45,2020-02-29,1
357,0.54,2020-02-21,1,0.6,2020-02-18,1
358,0.55,2020-02-21,1,0.72,2020-02-21,1
359,0.56,2020-02-21,1,0.68,2020-02-16,1
360,0.5700000000000001,2020-02-21,1,0.77,2020-03-02,1
361,0.58,2020-02-21,1,1.4000000000000001,2020-03-08,1
362,0.59,2020-02-21,1,0.37,2020-03-13,1
363,0.6,2020-02-21,1,1.31,2020-02-23,1
364,0.61,2020-02-21,1,0.41000000000000003,2020-03-08,1
365,0.62,2020-02-21,1,1.32,2020-03-03,1
366,0.63,2020-02-21,1,1.49,2020-03-06,1
367,0.64,2020-02-21,1,1.32,2020-03-09,1
368,0.65,2020-02-21,1,1.42,2020-03-11,1
369,0.66,2020-02-21,1,1.45,2020-02-24,1
370,0.67,2020-02-21,1,1.12,2020-02-26,1
371,0.68,2020-02-21,1,0.25,2020-02-16,1
372,0.6900000000000001,2020-02-21,1,1.41,2020-03-02,1
373,0.7000000000000001,2020-02-21,1,0.37,2020-02-23,1
374,0.71,2020-02-21,1,1.22,2020-02-16,1
375,0.72,2020-02-21,1,0.17,2020-02-15,1
376,0.73,2020-02-21,1,1.29,2020-03-10,1
377,0.74,2020-02-21,1,1.1400000000000001,2020-02-25,1
378,0.75,2020-02-21,1,1.5,2020-03-07,1
379,0.76,2020-02-21,1,0.93,2020-02-28,1
380,0.77,2020-02-21,1,0.36,2020-02-27,1
381,0.78,2020-02-21,1,1.26,2020-03-06,1
382,0.79,2020-02-21,1,1.16,2020-02-23,1
383,0.8,2020-02-21,1,0.07,2020-03-04,1
384,0.81,2020-02-21,1,1.26,2020-02-17,1
385,0.8200000000000001,2020-02-21,1,0.41000000000000003,2020-03-11,1
386,0.8300000000000001,2020-02-21,1,1.08,2020-02-21,1
387,0.84,2020-02-21,1,0.65,2020-02-17,1
388,0.85,2020-02-21,1,0.85,2020-02-22,1
389,0.86,2020-02-21,1,1.48,2020-03-12,1
390,0.87,2020-02-21,1,0.6,2020-02-27,1
391,0.88,2020-02-21,1,0.9,2020-03-09,1
392,0.89,2020-02-21,1,0.43,2020-02-24,1
393,0.9,2020-02-21,1,0.52,2020-02-27,1
394,0.91,2020-02-21,1,0.44,2020-03-06,1
395,0.92,2020-02-21,1,1.46,2020-02-29,1
396,0.93,2020-02-21,1,1.11,2020-03-13,1
397,0.9400000000000001,2020-02-21,1,1.44,2020-03-05,1
398,0.9500000000000001,2020-02-21,1,0.33,2020-03-10,1
399,0.96,2020-02-21,1,0.7000000000000001,2020-03-12,1
400,0.97,2020-02-21,1,1.1400000000000001,2020-03-07,1
401,0.98,2020-02-21,1,0.06,2020-03-05,1
402,0.99,2020-02-21,1,1.16,2020-03-04,1
403,1,2020-02-21,1,0.18,2020-02-16,1
404,1.01,2020-02-21,1,0.43,2020-03-03,1
405,1.02,2020-02-21,1,1.25,2020-02-25,1
406,1.03,2020-02-21,1,0.8300000000000001,2020-03-05,1
407,1.04,2020-02-21,1,1.48,2020-03-06,1
408,1.05,2020-02-21,1,0.37,2020-03-12,1
409,1.06,2020-02-21,1,0.91,2020-03-08,1
410,1.07,2020-02-21,1,1.09,2020-03-13,1
411,1.08,2020-02-21,1,0.98,2020-02-22,1
412,1.09,2020-02-21,1,0.89,2020-03-05,1
413,1.1,2020-02-21,1,0.08,2020-02-24,1
414,1.11,2020-02-21,1,0.27,2020-02-23,1
415,1.12,2020-02-21,1,0.87,2020-02-21,1
416,1.1300000000000001,2020-02-21,1,1.1400000000000001,2020-02-28,1
417,1.1400000000000001,2020-02-21,1,0.48,2020-02-17,1
418,1.1500000000000001,2020-02-21,1,1.44,2020-02-18,1
419,1.16,2020-02-21,1,1.11,2020-02-21,1
420,1.17,2020-02-21,1,1.24,2020-03-10,1
421,1.18,2020-02-21,1,0.8,2020-02-24,1
422,1.19,2020-02-21,1,1.23,2020-03-09,1
423,1.2,2020-02-21,1,0.15,2020-03-03,1
424,1.21,2020-02-21,1,1.12,2020-02-16,1
425,1.22,2020-02-21,1,0.3,2020-02-25,1
426,1.23,2020-02-21,1,0.49,2020-02-21,1
427,1.24,2020-02-21,1,1.2,2020-03-06,1
428,1.25,2020-02-21,1,0.61,2020-03-13,1
429,1.26,2020-02-21,1,1.47,2020-03-10,1
430,1.27,2020-02-21,1,1.29,2020-02-22,1
431,1.28,2020-02-21,1,0.09,2020-03-03,1
432,1.29,2020-02-21,1,0.5700000000000001,2020-03-02,1
433,1.3,2020-02-21,1,1,2020-02-21,1
434,1.31,2020-02-21,1,0.39,2020-02-22,1
435,1.32,2020-02-21,1,0.19,2020-02-20,1
436,1.33,2020-02-21,1,0.9,2020-03-06,1
437,1.34,2020-02-21,1,1.21,2020-02-22,1
438,1.35,2020-02-21,1,0.43,2020-03-11,1
439,1.36,2020-02-21,1,0.55,2020-02-23,1
440,1.37,2020-02-21,1,0.1,2020-02-22,1
441,1.3800000000000001,2020-02-21,1,0.41000000000000003,2020-03-08,1
442,1.3900000000000001,2020-02-21,1,0.66,2020-03-06,1
443,1.4000000000000001,2020-02-21,1,0.27,2020-03-09,1
444,1.41,2020-02-21,1,1.28,2020-02-18,1
445,1.42,2020-02-21,1,1.2,2020-03-05,1
446,1.43,2020-02-21,1,0.8,2020-02-29,1
447,1.44,2020-02-21,1,1.45,2020-03-13,1
448,1.45,2020-02-21,1,1.43,2020-02-18,1
449,1.46,2020-02-21,1,0.25,2020-02-17,1
450,1.47,2020-02-21,1,0.79,2020-02-24,1
451,1.48,2020-02-21,1,1.23,2020-03-06,1
452,1.49,2020-02-21,1,1.08,2020-02-25,1
453,1.5,2020-02-21,1,0.98,2020-03-06,1
454,0,2020-02-24,1,0.8200000000000001,2020-02-23,1
455,0.01,2020-02-24,1,1.44,2020-02-16,1
456,0.02,2020-02-24,1,0.78,2020-02-19,1
457,0.03,2020-02-24,1,0.46,2020-02-20,1
458,0.04,2020-02-24,1,1.47,2020-02-21,1
459,0.05,2020-02-24,1,0.14,2020-02-17,1
460,0.06,2020-02-24,1,1.1300000000000001,2020-03-01,1
461,0.07,2020-02-24,1,0.3,2020-02-19,1
462,0.08,2020-02-24,1,0.99,2020-02-18,1
463,0.09,2020-02-24,1,0.6,2020-03-03,1
464,0.1,2020-02-24,1,1.18,2020-02-29,1
465,0.11,2020-02-24,1,0.56,2020-02-29,1
466,0.12,2020-02-24,1,0.44,2020-02-25,1
467,0.13,2020-02-24,1,1.1300000000000001,2020-02-26,1
468,0.14,2020-02-24,1,0.65,2020-02-29,1
469,0.15,2020-02-24,1,0.43,2020-02-15,1
470,0.16,2020-02-24,1,0.93,2020-02-16,1
471,0.17,2020-02-24,1,1.47,2020-03-08,1
472,0.18,2020-02-24,1,0.03,2020-02-27,1
473,0.19,2020-02-24,1,0.8,2020-02-27,1
474,0.2,2020-02-24,1,0.75,2020-02-17,1
475,0.21,2020-02-24,1,0.16,2020-02-22,1
476,0.22,2020-02-24,1,1.49,2020-02-20,1
477,0.23,2020-02-24,1,0.72,2020-03-11,1
478,0.24,2020-02-24,1,0.68,2020-02-16,1
479,0.25,2020-02-24,1,1.37,2020-02-20,1
480,0.26,2020-02-24,1,1.24,2020-03-12,1
481,0.27,2020-02-24,1,0.19,2020-02-21,1
482,0.28,2020-02-24,1,0.72,2020-03-04,1
483,0.29,2020-02-24,1,1.23,2020-02-17,1
484,0.3,2020-02-24,1,0.39,2020-02-24,1
485,0.31,2020-02-24,1,1.09,2020-02-15,1
486,0.32,2020-02-24,1,0.38,2020-03-03,1
487,0.33,2020-02-24,1,1.35,2020-03-02,1
488,0.34,2020-02-24,1,0.74,2020-02-15,1
489,0.35000000000000003,2020-02-24,1,0.91,2020-03-02,1
490,0.36,2020-02-24,1,0.9400000000000001,2020-02-27,1
491,0.37,2020-02-24,1,1.44,2020-03-09,1
492,0.38,2020-02-24,1,0.38,2020-02-29,1
493,0.39,2020-02-24,1,0.32,2020-03-03,1
494,0.4,2020-02-24,1,1.1,2020-02-29,1
495,0.41000000000000003,2020-02-24,1,0.18,2020-02-23,1
496,0.42,2020-02-24,1,0.15,2020-03-10,1
497,0.43,2020-02-24,1,0,2020-03-01,1
498,0.44,2020-02-24,1,0.87,2020-03-13,1
499,0.45,2020-02-24,1,0.44,2020-02-25,1
500,0.46,2020-02-24,1,1.25,2020-02-29,1
501,0.47000000000000003,2020-02-24,1,1.42,2020-02-27,1
502,0.48,2020-02-24,1,0.46,2020-02-20,1
503,0.49,2020-02-24,1,0,2020-03-13,1
504,0.5,2020-02-24,1,0.16,2020-02-25,1
505,0.51,2020-02-24,1,0.91,2020-03-02,1
506,0.52,2020-02-24,1,0.65,2020-02-26,1
507,0.53,2020-02-24,1,0.31,2020-02-21,1
508,0.54,2020-02-24,1,0.02,2020-03-12,1
509,0.55,2020-02-24,1,1.36,2020-03-04,1
510,0.56,2020-02-24,1,0.56,2020-02-21,1
511,0.5700000000000001,2020-02-24,1,0.6,2020-02-18,1
512,0.58,2020-02-24,1,1.28,2020-02-19,1
513,0.59,2020-02-24,1,0.02,2020-02-29,1
514,0.6,2020-02-24,1,1.34,2020-03-03,1
515,0.61,2020-02-24,1,0.64,2020-03-08,1
516,0.62,2020-02-24,1,1.06,2020-02-20,1
517,0.63,2020-02-24,1,1.04,2020-02-21,1
518,0.64,2020-02-24,1,0.71,2020-03-10,1
519,0.65,2020-02-24,1,0.91,2020-03-10,1
520,0.66,2020-02-24,1,0.6,2020-03-12,1
521,0.67,2020-02-24,1,0.66,2020-02-27,1
522,0.68,2020-02-24,1,1.4000000000000001,2020-03-01,1
523,0.6900000000000001,2020-02-24,1,0.43,2020-03-08,1
524,0.7000000000000001,2020-02-24,1,1.05,2020-03-11,1
525,0.71,2020-02-24,1,0.06,2020-02-25,1
526,0.72,2020-02-24,1,0.5700000000000001,2020-02-20,1
527,0.73,2020-02-24,1,0.22,2020-02-28,1
528,0.74,2020-02-24,1,0.97,2020-03-10,1
529,0.75,2020-02-24,1,1.09,2020-02-20,1
530,0.76,2020-02-24,1,1.3,2020-03-13,1
531,0.77,2020-02-24,1,0.35000000000000003,2020-03-03,1
532,0.78,2020-02-24,1,0.51,2020-03-08,1
533,0.79,2020-02-24,1,0.52,2020-02-20,1
534,0.8,2020-02-24,1,0.58,2020-03-03,1
535,0.81,2020-02-24,1,0.73,2020-03-01,1
536,0.8200000000000001,2020-02-24,1,0.06,2020-03-11,1
537,0.8300000000000001,2020-02-24,1,1.25,2020-03-05,1
538,0.84,2020-02-24,1,0.68,2020-03-07,1
539,0.85,2020-02-24,1,0.9400000000000001,2020-03-13,1
540,0.86,2020-02-24,1,0.03,2020-03-13,1
541,0.87,2020-02-24,1,0.28,2020-03-06,1
542,0.88,2020-02-24,1,0.34,2020-02-27,1
543,0.89,2020-02-24,1,0.63,2020-02-17,1
544,0.9,2020-02-24,1,0.07,2020-02-16,1
545,0.91,2020-02-24,1,0.49,2020-02-18,1
546,0.92,2020-02-24,1,1.3900000000000001,2020-02-16,1
547,0.93,2020-02-24,1,1.5,2020-03-09,1
548,0.9400000000000001,2020-02-24,1,0.96,2020-03-11,1
549,0.9500000000000001,2020-02-24,1,1.3,2020-03-10,1
550,0.96,2020-02-24,1,0.89,2020-03-06,1
551,0.97,2020-02-24,1,1.16,2020-02-21,1
552,0.98,2020-02-24,1,0.24,2020-02-23,1
553,0.99,2020-02-24,1,0.49,2020-03-02,1
554,1,2020-02-24,1,0.98,2020-03-04,1
555,1.01,2020-02-24,1,0.93,2020-03-10,1
556,1.02,2020-02-24,1,0.9,2020-02-18,1
557,1.03,2020-02-24,1,1.07,2020-03-02,1
558,1.04,2020-02-24,1,0.84,2020-02-19,1
559,1.05,2020-02-24,1,0.55,2020-02-23,1
560,1.06,2020-02-24,1,0.15,2020-03-03,1
561,1.07,2020-02-24,1,0.86,2020-02-21,1
562,1.08,2020-02-24,1,0.62,2020-03-04,1
563,1.09,2020-02-24,1,0.39,2020-03-05,1
564,1.1,2020-02-24,1,0.63,2020-02-27,1
565,1.11,2020-02-24,1,1.42,2020-02-23,1
566,1.12,2020-02-24,1,1.3800000000000001,2020-02-27,1
567,1.1300000000000001,2020-02-24,1,0.9500000000000001,2020-03-02,1
568,1.1400000000000001,2020-02-24,1,0.23,2020-03-06,1
569,1.1500000000000001,2020-02-24,1,0.48,2020-03-05,1
570,1.16,2020-02-24,1,1.12,2020-02-18,1
571,1.17,2020-02-24,1,0.79,2020-03-01,1
572,1.18,2020-02-24,1,0.15,2020-03-01,1
573,1.19,2020-02-24,1,0.31,2020-03-13,1
574,1.2,2020-02-24,1,0.06,2020-03-07,1
575,1.21,2020-02-24,1,0.98,2020-03-05,1
576,1.22,2020-02-24,1,0.4,2020-02-17,1
577,1.23,2020-02-24,1,0.8300000000000001,2020-03-10,1
578,1.24,2020-02-24,1,0.07,2020-02-27,1
579,1.25,2020-02-24,1,1.46,2020-03-02,1
580,1.26,2020-02-24,1,0.7000000000000001,2020-02-19,1
581,1.27,2020-02-24,1,0.22,2020-03-10,1
582,1.28,2020-02-24,1,0.53,2020-02-28,1
583,1.29,2020-02-24,1,0.01,2020-03-04,1
584,1.3,2020-02-24,1,0.64,2020-03-11,1
585,1.31,2020-02-24,1,1.2,2020-02-26,1
586,1.32,2020-02-24,1,0.07,2020-03-02,1
587,1.33,2020-02-24,1,0.53,2020-02-26,1
588,1.34,2020-02-24,1,0.66,2020-02-18,1
589,1.35,2020-02-24,1,0.81,2020-03-04,1
590,1.36,2020-02-24,1,1.34,2020-02-16,1
591,1.37,2020-02-24,1,0.29,2020-03-02,1
592,1.3800000000000001,2020-02-24,1,0.67,2020-02-22,1
593,1.3900000000000001,2020-02-24,1,0.42,2020-03-10,1
594,1.4000000000000001,2020-02-24,1,0.38,2020-02-16,1
595,1.41,2020-02-24,1,0.3,2020-02-25,1
596,1.42,2020-02-24,1,0.27,2020-03-01,1
597,1.43,2020-02-24,1,1.27,2020-03-04,1
598,1.44,2020-02-24,1,1.22,2020-02-20,1
599,1.45,2020-02-24,1,0.42,2020-03-13,1
600,1.46,2020-02-24,1,1.26,2020-02-22,1
601,1.47,2020-02-24,1,0.18,2020-03-06,1
602,1.48,2020-02-24,1,1.08,2020-03-13,1
603,1.49,2020-02-24,1,0.89,2020-03-03,1
604,1.5,2020-02-24,1,1.01,2020-03-11,1
605,0,2020-02-27,1,1.4000000000000001,2020-02-26,1
606,0.01,2020-02-27,1,0.25,2020-02-23,1
607,0.02,2020-02-27,1,0.37,2020-03-02,1
608,0.03,2020-02-27,1,0.2,2020-03-01,1
609,0.04,2020-02-27,1,0.8200000000000001,2020-02-24,1
610,0.05,2020-02-27,1,0.19,2020-02-26,1
611,0.06,2020-02-27,1,0.59,2020-02-18,1
612,0.07,2020-02-27,1,1.49,2020-02-15,1
613,0.08,2020-02-27,1,1.3,2020-03-11,1
614,0.09,2020-02-27,1,1.27,2020-03-07,1
615,0.1,2020-02-27,1,0.35000000000000003,2020-02-28,1
616,0.11,2020-02-27,1,0.74,2020-02-24,1
617,0.12,2020-02-27,1,0.11,2020-03-09,1
618,0.13,2020-02-27,1,0.59,2020-03-01,1
619,0.14,2020-02-27,1,1.2,2020-03-02,1
620,0.15,2020-02-27,1,0.12,2020-03-11,1
621,0.16,2020-02-27,1,1.43,2020-03-12,1
622,0.17,2020-02-27,1,0.39,2020-02-17,1
623,0.18,2020-02-27,1,0.6900000000000001,2020-02-22,1
624,0.19,2020-02-27,1,0.2,2020-03-08,1
625,0.2,2020-02-27,1,0.47000000000000003,2020-03-06,1
626,0.21,2020-02-27,1,0.62,2020-03-13,1
627,0.22,2020-02-27,1,0.42,2020-02-27,1
628,0.23,2020-02-27,1,1.36,2020-03-11,1
629,0.24,2020-02-27,1,0.47000000000000003,2020-02-27,1
630,0.25,2020-02-27,1,0.98,2020-02-22,1
631,0.26,2020-02-27,1,1.06,2020-03-09,1
632,0.27,2020-02-27,1,0.26,2020-02-27,1
633,0.28,2020-02-27,1,0.01,2020-03-08,1
634,0.29,2020-02-27,1,0.51,2020-02-21,1
635,0.3,2020-02-27,1,1.1,2020-02-20,1
636,0.31,2020-02-27,1,1.12,2020-03-09,1
637,0.32,2020-02-27,1,0.48,2020-02-20,1
638,0.33,2020-02-27,1,1.41,2020-03-03,1
639,0.34,2020-02-27,1,1.28,2020-03-12,1
640,0.35000000000000003,2020-02-27,1,0.79,2020-02-24,1
641,0.36,2020-02-27,1,0.8,2020-02-26,1
642,0.37,2020-02-27,1,1.41,2020-02-17,1
643,0.38,2020-02-27,1,1.04,2020-02-15,1
644,0.39,2020-02-27,1,0.26,2020-03-02,1
645,0.4,2020-02-27,1,1.35,2020-02-16,1
646,0.41000000000000003,2020-02-27,1,0.73,2020-02-28,1
647,0.42,2020-02-27,1,0.02,2020-02-17,1
648,0.43,2020-02-27,1,0.77,2020-02-23,1
649,0.44,2020-02-27,1,0.51,2020-02-23,1
650,0.45,2020-02-27,1,0.9400000000000001,2020-03-13,1
651,0.46,2020-02-27,1,1.44,2020-02-20,1
652,0.47000000000000003,2020-02-27,1,0.29,2020-03-07,1
653,0.48,2020-02-27,1,1.3,2020-02-27,1
654,0.49,2020-02-27,1,1.1300000000000001,2020-03-11,1
655,0.5,2020-02-27,1,0.58,2020-03-08,1
656,0.51,2020-02-27,1,0.2,2020-03-11,1
657,0.52,2020-02-27,1,0.77,2020-03-09,1
658,0.53,2020-02-27,1,0.89,2020-02-20,1
659,0.54,2020-02-27,1,1.22,2020-03-09,1
660,0.55,2020-02-27,1,1.1,2020-03-07,1
661,0.56,2020-02-27,1,0.25,2020-03-04,1
662,0.5700000000000001,2020-02-27,1,0.44,2020-03-05,1
663,0.58,2020-02-27,1,0.23,2020-03-05,1
664,0.59,2020-02-27,1,0.64,2020-02-15,1
665,0.6,2020-02-27,1,0.07,2020-03-04,1
666,0.61,2020-02-27,1,0.08,2020-03-05,1
667,0.62,2020-02-27,1,1.43,2020-02-21,1
668,0.63,2020-02-27,1,0.77,2020-02-22,1
669,0.64,2020-02-27,1,1.05,2020-03-13,1
670,0.65,2020-02-27,1,1.26,2020-03-10,1
671,0.66,2020-02-27,1,0.55,2020-02-27,1
672,0.67,2020-02-27,1,1.05,2020-02-18,1
673,0.68,2020-02-27,1,1.31,2020-02-21,1
674,0.6900000000000001,2020-02-27,1,0.73,2020-02-15,1
675,0.7000000000000001,2020-02-27,1,0.12,2020-02-28,1
676,0.71,2020-02-27,1,0.31,2020-02-19,1
677,0.72,2020-02-27,1,0.01,2020-03-07,1
678,0.73,2020-02-27,1,0.66,2020-02-23,1
679,0.74,2020-02-27,1,0.09,2020-03-12,1
680,0.75,2020-02-27,1,0.07,2020-02-19,1
681,0.76,2020-02-27,1,0.01,2020-02-19,1
682,0.77,2020-02-27,1,0.87,2020-03-12,1
683,0.78,2020-02-27,1,0.19,2020-02-27,1
684,0.79,2020-02-27,1,1.28,2020-03-07,1
685,0.8,2020-02-27,1,0.86,2020-03-08,1
686,0.81,2020-02-27,1,0.34,2020-03-07,1
687,0.8200000000000001,2020-02-27,1,0.51,2020-02-15,1
688,0.8300000000000001,2020-02-27,1,1.3900000000000001,2020-03-04,1
689,0.84,2020-02-27,1,1.27,2020-03-04,1
690,0.85,2020-02-27,1,1.32,2020-02-19,1
691,0.86,2020-02-27,1,0.4,2020-02-23,1
692,0.87,2020-02-27,1,0.56,2020-03-08,1
693,0.88,2020-02-27,1,1.16,2020-03-03,1
694,0.89,2020-02-27,1,0.6900000000000001,2020-03-08,1
695,0.9,2020-02-27,1,1.3,2020-02-20,1
696,0.91,2020-02-27,1,1.24,2020-02-24,1
697,0.92,2020-02-27,1,0.85,2020-03-09,1
698,0.93,2020-02-27,1,0.36,2020-03-08,1
699,0.9400000000000001,2020-02-27,1,0.18,2020-03-01,1
700,0.9500000000000001,2020-02-27,1,0.32,2020-02-24,1
701,0.96,2020-02-27,1,0.05,2020-02-21,1
702,0.97,2020-02-27,1,1.43,2020-02-15,1
703,0.98,2020-02-27,1,0.56,2020-02-25,1
704,0.99,2020-02-27,1,1.33,2020-02-25,1
705,1,2020-02-27,1,1.09,2020-03-03,1
706,1.01,2020-02-27,1,0.77,2020-02-15,1
707,1.02,2020-02-27,1,0.84,2020-03-02,1
708,1.03,2020-02-27,1,0.02,2020-02-19,1
709,1.04,2020-02-27,1,0.2,2020-02-26,1
710,1.05,2020-02-27,1,0.6900000000000001,2020-03-03,1
711,1.06,2020-02-27,1,1.46,2020-02-28,1
712,1.07,2020-02-27,1,0.01,2020-03-11,1
713,1.08,2020-02-27,1,0.86,2020-03-05,1
714,1.09,2020-02-27,1,0.42,2020-02-20,1
715,1.1,2020-02-27,1,1.19,2020-03-04,1
716,1.11,2020-02-27,1,0.23,2020-02-19,1
717,1.12,2020-02-27,1,0.12,2020-03-05,1
718,1.1300000000000001,2020-02-27,1,0.1,2020-02-21,1
719,1.1400000000000001,2020-02-27,1,0.54,2020-03-11,1
720,1.1500000000000001,2020-02-27,1,0.22,2020-03-06,1
721,1.16,2020-02-27,1,1.3800000000000001,2020-02-16,1
722,1.17,2020-02-27,1,0.14,2020-02-16,1
723,1.18,2020-02-27,1,0.31,2020-03-04,1
724,1.19,2020-02-27,1,0.29,2020-03-13,1
725,1.2,2020-02-27,1,0.75,2020-03-04,1
726,1.21,2020-02-27,1,0.76,2020-03-13,1
727,1.22,2020-02-27,1,0.5,2020-02-16,1
728,1.23,2020-02-27,1,0.75,2020-02-23,1
729,1.24,2020-02-27,1,0.35000000000000003,2020-02-26,1
730,1.25,2020-02-27,1,1.01,2020-02-28,1
731,1.26,2020-02-27,1,0.67,2020-03-07,1
732,1.27,2020-02-27,1,0.6,2020-03-13,1
733,1.28,2020-02-27,1,0.89,2020-03-10,1
734,1.29,2020-02-27,1,1,2020-02-21,1
735,1.3,2020-02-27,1,1.43,2020-02-23,1
736,1.31,2020-02-27,1,0.19,2020-02-21,1
737,1.32,2020-02-27,1,0.65,2020-02-26,1
738,1.33,2020-02-27,1,1.41,2020-02-15,1
739,1.34,2020-02-27,1,1.03,2020-03-08,1
740,1.35,2020-02-27,1,0.38,2020-03-03,1
741,1.36,2020-02-27,1,0.74,2020-02-21,1
742,1.37,2020-02-27,1,0.11,2020-03-10,1
743,1.3800000000000001,2020-02-27,1,0.03,2020-02-18,1
744,1.3900000000000001,2020-02-27,1,0.24,2020-02-22,1
745,1.4000000000000001,2020-02-27,1,0.21,2020-03-02,1
746,1.41,2020-02-27,1,1.33,2020-02-24,1
747,1.42,2020-02-27,1,1.29,2020-03-12,1
748,1.43,2020-02-27,1,1.21,2020-03-12,1
749,1.44,2020-02-27,1,1.1500000000000001,2020-03-04,1
750,1.45,2020-02-27,1,0.42,2020-02-16,1
751,1.46,2020-02-27,1,0.79,2020-03-06,1
752,1.47,2020-02-27,1,0.21,2020-02-22,1
753,1.48,2020-02-27,1,0.29,2020-03-01,1
754,1.49,2020-02-27,1,0.34,2020-02-29,1
755,1.5,2020-02-27,1,1.29,2020-03-04,1
756,0,2020-03-01,1,1.03,2020-02-27,1
757,0.01,2020-03-01,1,0.28,2020-02-15,1
758,0.02,2020-03-01,1,0.56,2020-03-05,1
759,0.03,2020-03-01,1,0.88,2020-03-07,1
760,0.04,2020-03-01,1,1.48,2020-03-01,1
761,0.05,2020-03-01,1,0.44,2020-02-24,1
762,0.06,2020-03-01,1,1.1400000000000001,2020-03-12,1
763,0.07,2020-03-01,1,1.47,2020-02-25,1
764,0.08,2020-03-01,1,1.17,2020-02-26,1
765,0.09,2020-03-01,1,1.25,2020-03-05,1
766,0.1,2020-03-01,1,0.31,2020-03-07,1
767,0.11,2020-03-01,1,0.33,2020-02-19,1
768,0.12,2020-03-01,1,0.06,2020-03-06,1
769,0.13,2020-03-01,1,0.42,2020-02-16,1
770,0.14,2020-03-01,1,1.5,2020-03-13,1
771,0.15,2020-03-01,1,1.01,2020-02-19,1
772,0.16,2020-03-01,1,0.29,2020-02-21,1
773,0.17,2020-03-01,1,1.28,2020-03-08,1
774,0.18,2020-03-01,1,0.7000000000000001,2020-02-21,1
775,0.19,2020-03-01,1,0.17,2020-02-26,1
776,0.2,2020-03-01,1,1.09,2020-03-09,1
777,0.21,2020-03-01,1,0.63,2020-02-23,1
778,0.22,2020-03-01,1,0.22,2020-03-11,1
779,0.23,2020-03-01,1,0.85,2020-03-05,1
780,0.24,2020-03-01,1,1.08,2020-03-10,1
781,0.25,2020-03-01,1,0.51,2020-03-10,1
782,0.26,2020-03-01,1,0.74,2020-03-04,1
783,0.27,2020-03-01,1,0.41000000000000003,2020-03-09,1
784,0.28,2020-03-01,1,0.47000000000000003,2020-02-20,1
785,0.29,2020-03-01,1,1.35,2020-03-11,1
786,0.3,2020-03-01,1,0.04,2020-03-07,1
787,0.31,2020-03-01,1,1.3900000000000001,2020-03-12,1
788,0.32,2020-03-01,1,0.36,2020-03-05,1
789,0.33,2020-03-01,1,0.87,2020-03-02,1
790,0.34,2020-03-01,1,0.22,2020-03-12,1
791,0.35000000000000003,2020-03-01,1,0.27,2020-02-17,1
792,0.36,2020-03-01,1,0.89,2020-03-02,1
793,0.37,2020-03-01,1,1.5,2020-03-08,1
794,0.38,2020-03-01,1,1.35,2020-02-16,1
795,0.39,2020-03-01,1,0.39,2020-02-16,1
796,0.4,2020-03-01,1,1.45,2020-02-15,1
797,0.41000000000000003,2020-03-01,1,0.4,2020-03-02,1
798,0.42,2020-03-01,1,0.27,2020-03-03,1
799,0.43,2020-03-01,1,0.91,2020-02-18,1
800,0.44,2020-03-01,1,0.5,2020-03-03,1
801,0.45,2020-03-01,1,0.46,2020-03-03,1
802,0.46,2020-03-01,1,0.32,2020-02-26,1
803,0.47000000000000003,2020-03-01,1,1.06,2020-03-07,1
804,0.48,2020-03-01,1,0.22,2020-03-04,1
805,0.49,2020-03-01,1,1.17,2020-02-26,1
806,0.5,2020-03-01,1,0.92,2020-03-03,1
807,0.51,2020-03-01,1,1.21,2020-03-02,1
808,0.52,2020-03-01,1,0.99,2020-02-19,1
809,0.53,2020-03-01,1,1.06,2020-02-19,1
810,0.54,2020-03-01,1,0.58,2020-02-22,1
811,0.55,2020-03-01,1,1.16,2020-03-08,1
812,0.56,2020-03-01,1,0.27,2020-03-06,1
813,0.5700000000000001,2020-03-01,1,0.62,2020-03-02,1
814,0.58,2020-03-01,1,1.01,2020-02-20,1
815,0.59,2020-03-01,1,0.05,2020-02-23,1
816,0.6,2020-03-01,1,0.46,2020-03-13,1
817,0.61,2020-03-01,1,1.48,2020-03-02,1
818,0.62,2020-03-01,1,0.32,2020-02-20,1
819,0.63,2020-03-01,1,0.3,2020-03-07,1
820,0.64,2020-03-01,1,1.17,2020-03-08,1
821,0.65,2020-03-01,1,1.02,2020-02-24,1
822,0.66,2020-03-01,1,0.47000000000000003,2020-02-18,1
823,0.67,2020-03-01,1,0.8,2020-02-17,1
824,0.68,2020-03-01,1,0.22,2020-02-27,1
825,0.6900000000000001,2020-03-01,1,1.35,2020-03-11,1
826,0.7000000000000001,2020-03-01,1,1.42,2020-02-16,1
827,0.71,2020-03-01,1,0.08,2020-02-23,1
828,0.72,2020-03-01,1,0.26,2020-02-26,1
829,0.73,2020-03-01,1,0.86,2020-03-08,1
830,0.74,2020-03-01,1,0.78,2020-03-10,1
831,0.75,2020-03-01,1,1.11,2020-02-16,1
832,0.76,2020-03-01,1,1.43,2020-02-25,1
833,0.77,2020-03-01,1,0.79,2020-03-06,1
834,0.78,2020-03-01,1,0.85,2020-03-05,1
835,0.79,2020-03-01,1,0.44,2020-02-23,1
836,0.8,2020-03-01,1,1.07,2020-03-11,1
837,0.81,2020-03-01,1,0.81,2020-02-27,1
838,0.8200000000000001,2020-03-01,1,1.19,2020-03-08,1
839,0.8300000000000001,2020-03-01,1,0.08,2020-03-13,1
840,0.84,2020-03-01,1,1.36,2020-02-20,1
841,0.85,2020-03-01,1,1.12,2020-02-26,1
842,0.86,2020-03-01,1,1.3900000000000001,2020-03-10,1
843,0.87,2020-03-01,1,1.1300000000000001,2020-02-27,1
844,0.88,2020-03-01,1,0.75,2020-03-06,1
845,0.89,2020-03-01,1,0.4,2020-02-28,1
846,0.9,2020-03-01,1,1.4000000000000001,2020-03-10,1
847,0.91,2020-03-01,1,0.79,2020-03-07,1
848,0.92,2020-03-01,1,0.74,2020-02-28,1
849,0.93,2020-03-01,1,1.31,2020-03-12,1
850,0.9400000000000001,2020-03-01,1,0.51,2020-03-07,1
851,0.9500000000000001,2020-03-01,1,0.15,2020-02-19,1
852,0.96,2020-03-01,1,1.4000000000000001,2020-03-13,1
853,0.97,2020-03-01,1,0.32,2020-02-22,1
854,0.98,2020-03-01,1,0.6900000000000001,2020-02-26,1
855,0.99,2020-03-01,1,0.13,2020-03-11,1
856,1,2020-03-01,1,0.76,2020-03-08,1
857,1.01,2020-03-01,1,1.18,2020-02-20,1
858,1.02,2020-03-01,1,1.47,2020-03-12,1
859,1.03,2020-03-01,1,0.24,2020-03-10,1
860,1.04,2020-03-01,1,1.48,2020-02-28,1
861,1.05,2020-03-01,1,0.53,2020-03-03,1
862,1.06,2020-03-01,1,0.31,2020-02-15,1
863,1.07,2020-03-01,1,0.78,2020-03-13,1
864,1.08,2020-03-01,1,0.63,2020-03-12,1
865,1.09,2020-03-01,1,0.96,2020-02-26,1
866,1.1,2020-03-01,1,0.64,2020-03-04,1
867,1.11,2020-03-01,1,1.27,2020-02-18,1
868,1.12,2020-03-01,1,0.43,2020-03-10,1
869,1.1300000000000001,2020-03-01,1,0.21,2020-03-13,1
870,1.1400000000000001,2020-03-01,1,0.18,2020-03-12,1
871,1.1500000000000001,2020-03-01,1,0.71,2020-03-11,1
872,1.16,2020-03-01,1,0.62,2020-02-23,1
873,1.17,2020-03-01,1,1.01,2020-03-12,1
874,1.18,2020-03-01,1,0.03,2020-03-10,1
875,1.19,2020-03-01,1,0.03,2020-02-21,1
876,1.2,2020-03-01,1,0.18,2020-02-27,1
877,1.21,2020-03-01,1,0.28,2020-02-23,1
878,1.22,2020-03-01,1,0.8300000000000001,2020-03-05,1
879,1.23,2020-03-01,1,0.43,2020-03-11,1
880,1.24,2020-03-01,1,0.68,2020-03-08,1
881,1.25,2020-03-01,1,1.43,2020-02-25,1
882,1.26,2020-03-01,1,0.4,2020-03-12,1
883,1.27,2020-03-01,1,1.1500000000000001,2020-03-04,1
884,1.28,2020-03-01,1,0.97,2020-03-05,1
885,1.29,2020-03-01,1,0.15,2020-03-05,1
886,1.3,2020-03-01,1,0.1,2020-02-22,1
887,1.31,2020-03-01,1,0.56,2020-03-11,1
888,1.32,2020-03-01,1,0.88,2020-02-22,1
889,1.33,2020-03-01,1,1.06,2020-02-24,1
890,1.34,2020-03-01,1,1.2,2020-02-23,1
891,1.35,2020-03-01,1,1.3,2020-02-26,1
892,1.36,2020-03-01,1,0.06,2020-02-15,1
893,1.37,2020-03-01,1,0.13,2020-02-20,1
894,1.3800000000000001,2020-03-01,1,0.4,2020-03-09,1
895,1.3900000000000001,2020-03-01,1,0.65,2020-03-08,1
896,1.4000000000000001,2020-03-01,1,0.63,2020-02-24,1
897,1.41,2020-03-01,1,1.34,2020-02-20,1
898,1.42,2020-03-01,1,0.8200000000000001,2020-02-21,1
899,1.43,2020-03-01,1,0.75,2020-02-25,1
900,1.44,2020-03-01,1,0.49,2020-03-05,1
901,1.45,2020-03-01,1,1.31,2020-03-06,1
902,1.46,2020-03-01,1,0.39,2020-02-24,1
903,1.47,2020-03-01,1,1.32,2020-02-16,1
904,1.48,2020-03-01,1,0.42,2020-02-22,1
905,1.49,2020-03-01,1,0.04,2020-03-05,1
906,1.5,2020-03-01,1,1.48,2020-03-07,1
907,0,2020-03-04,1,1.3900000000000001,2020-02-28,1
908,0.01,2020-03-04,1,1.32,2020-02-23,1
909,0.02,2020-03-04,1,0.35000000000000003,2020-02-28,1
910,0.03,2020-03-04,1,0.19,2020-02-24,1
911,0.04,2020-03-04,1,0.13,2020-02-18,1
912,0.05,2020-03-04,1,1.1300000000000001,2020-02-21,1
913,0.06,2020-03-04,1,1.37,2020-03-11,1
914,0.07,2020-03-04,1,0.8,2020-02-29,1
915,0.08,2020-03-04,1,1.1300000000000001,2020-02-17,1
916,0.09,2020-03-04,1,1.37,2020-02-19,1
917,0.1,2020-03-04,1,0.54,2020-02-17,1
918,0.11,2020-03-04,1,0.28,2020-02-27,1
919,0.12,2020-03-04,1,1.06,2020-03-06,1
920,0.13,2020-03-04,1,1.41,2020-03-04,1
921,0.14,2020-03-04,1,0.04,2020-03-05,1
922,0.15,2020-03-04,1,0.23,2020-02-27,1
923,0.16,2020-03-04,1,1.24,2020-02-20,1
924,0.17,2020-03-04,1,0.25,2020-03-01,1
925,0.18,2020-03-04,1,0.62,2020-02-25,1
926,0.19,2020-03-04,1,0.9,2020-03-09,1
927,0.2,2020-03-04,1,0.7000000000000001,2020-03-10,1
928,0.21,2020-03-04,1,0.62,2020-02-15,1
929,0.22,2020-03-04,1,0.3,2020-02-29,1
930,0.23,2020-03-04,1,0.22,2020-02-24,1
931,0.24,2020-03-04,1,0.01,2020-03-06,1
932,0.25,2020-03-04,1,1.43,2020-03-11,1
933,0.26,2020-03-04,1,0,2020-02-22,1
934,0.27,2020-03-04,1,0.58,2020-02-29,1
935,0.28,2020-03-04,1,0.8,2020-02-18,1
936,0.29,2020-03-04,1,1.27,2020-02-28,1
937,0.3,2020-03-04,1,1.1500000000000001,2020-03-04,1
938,0.31,2020-03-04,1,1.49,2020-03-12,1
939,0.32,2020-03-04,1,0.77,2020-02-23,1
940,0.33,2020-03-04,1,0.59,2020-03-01,1
941,0.34,2020-03-04,1,0.97,2020-02-19,1
942,0.35000000000000003,2020-03-04,1,0.21,2020-03-11,1
943,0.36,2020-03-04,1,0.76,2020-03-13,1
944,0.37,2020-03-04,1,0.25,2020-02-28,1
945,0.38,2020-03-04,1,0.02,2020-03-13,1
946,0.39,2020-03-04,1,0.78,2020-03-01,1
947,0.4,2020-03-04,1,0.45,2020-03-05,1
948,0.41000000000000003,2020-03-04,1,1.18,2020-02-27,1
949,0.42,2020-03-04,1,0.14,2020-03-11,1
950,0.43,2020-03-04,1,0,2020-03-08,1
951,0.44,2020-03-04,1,0.45,2020-03-03,1
952,0.45,2020-03-04,1,1.22,2020-03-10,1
953,0.46,2020-03-04,1,0.37,2020-02-23,1
954,0.47000000000000003,2020-03-04,1,1.12,2020-03-11,1
955,0.48,2020-03-04,1,0.89,2020-02-20,1
956,0.49,2020-03-04,1,0.99,2020-02-24,1
957,0.5,2020-03-04,1,1.17,2020-03-05,1
958,0.51,2020-03-04,1,0.5,2020-02-27,1
959,0.52,2020-03-04,1,1.17,2020-03-04,1
960,0.53,2020-03-04,1,0.97,2020-02-27,1
961,0.54,2020-03-04,1,0.7000000000000001,2020-03-09,1
962,0.55,2020-03-04,1,1,2020-02-23,1
963,0.56,2020-03-04,1,0.66,2020-03-11,1
964,0.5700000000000001,2020-03-04,1,1.35,2020-02-19,1
965,0.58,2020-03-04,1,1.07,2020-02-22,1
966,0.59,2020-03-04,1,1.08,2020-02-16,1
967,0.6,2020-03-04,1,1.1500000000000001,2020-02-24,1
968,0.61,2020-03-04,1,0.13,2020-02-28,1
969,0.62,2020-03-04,1,0.96,2020-03-12,1
970,0.63,2020-03-04,1,0,2020-02-26,1
971,0.64,2020-03-04,1,1.02,2020-02-16,1
972,0.65,2020-03-04,1,1.49,2020-02-24,1
973,0.66,2020-03-04,1,1.03,2020-03-02,1
974,0.67,2020-03-04,1,0.5700000000000001,2020-03-01,1
975,0.68,2020-03-04,1,0.93,2020-03-12,1
976,0.6900000000000001,2020-03-04,1,1.01,2020-03-09,1
977,0.7000000000000001,2020-03-04,1,0.45,2020-02-21,1
978,0.71,2020-03-04,1,0.08,2020-02-26,1
979,0.72,2020-03-04,1,0.89,2020-03-09,1
980,0.73,2020-03-04,1,0.71,2020-02-22,1
981,0.74,2020-03-04,1,0.53,2020-03-05,1
982,0.75,2020-03-04,1,1.1400000000000001,2020-02-29,1
983,0.76,2020-03-04,1,1.37,2020-03-02,1
984,0.77,2020-03-04,1,1.27,2020-03-02,1
985,0.78,2020-03-04,1,0.05,2020-03-10,1
986,0.79,2020-03-04,1,1.29,2020-02-18,1
987,0.8,2020-03-04,1,0.34,2020-02-22,1
988,0.81,2020-03-04,1,0.35000000000000003,2020-02-21,1
989,0.8200000000000001,2020-03-04,1,0.25,2020-02-15,1
990,0.8300000000000001,2020-03-04,1,0.65,2020-03-06,1
991,0.84,2020-03-04,1,0.54,2020-02-18,1
992,0.85,2020-03-04,1,0.47000000000000003,2020-02-24,1
993,0.86,2020-03-04,1,0.64,2020-03-04,1
994,0.87,2020-03-04,1,0.67,2020-03-08,1
995,0.88,2020-03-04,1,1.37,2020-03-11,1
996,0.89,2020-03-04,1,0.26,2020-02-16,1
997,0.9,2020-03-04,1,1.41,2020-03-08,1
998,0.91,2020-03-04,1,0.45,2020-02-26,1
999,0.92,2020-03-04,1,1.3800000000000001,2020-02-17,1
1000,0.93,2020-03-04,1,0.67,2020-03-01,1
1001,0.9400000000000001,2020-03-04,1,1.28,2020-02-17,1
1002,0.9500000000000001,2020-03-04,1,0.25,2020-02-27,1
1003,0.96,2020-03-04,1,0.9400000000000001,2020-03-06,1
1004,0.97,2020-03-04,1,1.11,2020-02-22,1
1005,0.98,2020-03-04,1,0.68,2020-03-03,1
1006,0.99,2020-03-04,1,0.13,2020-02-21,1
1007,1,2020-03-04,1,0.6,2020-03-12,1
1008,1.01,2020-03-04,1,0.16,2020-03-07,1
1009,1.02,2020-03-04,1,0.71,2020-02-22,1
1010,1.03,2020-03-04,1,0.7000000000000001,2020-02-17,1
1011,1.04,2020-03-04,1,1.11,2020-02-18,1
1012,1.05,2020-03-04,1,1.1300000000000001,2020-02-20,1
1013,1.06,2020-03-04,1,1.21,2020-03-13,1
1014,1.07,2020-03-04,1,1.37,2020-02-22,1
1015,1.08,2020-03-04,1,0.21,2020-02-17,1
1016,1.09,2020-03-04,1,1.1500000000000001,2020-03-01,1
1017,1.1,2020-03-04,1,0.9400000000000001,2020-03-05,1
1018,1.11,2020-03-04,1,0.14,2020-03-04,1
1019,1.12,2020-03-04,1,0.91,2020-02-24,1
1020,1.1300000000000001,2020-03-04,1,0.42,2020-02-23,1
1021,1.1400000000000001,2020-03-04,1,0.21,2020-03-09,1
1022,1.1500000000000001,2020-03-04,1,0.68,2020-03-02,1
1023,1.16,2020-03-04,1,0.78,2020-03-03,1
1024,1.17,2020-03-04,1,0.65,2020-02-28,1
1025,1.18,2020-03-04,1,0.09,2020-02-27,1
1026,1.19,2020-03-04,1,0.42,2020-02-27,1
1027,1.2,2020-03-04,1,0.74,2020-02-24,1
1028,1.21,2020-03-04,1,1.49,2020-03-08,1
1029,1.22,2020-03-04,1,0.02,2020-03-01,1
1030,1.23,2020-03-04,1,0.46,2020-03-10,1
1031,1.24,2020-03-04,1,1.42,2020-03-05,1
1032,1.25,2020-03-04,1,1.11,2020-02-24,1
1033,1.26,2020-03-04,1,0.72,2020-03-07,1
1034,1.27,2020-03-04,1,0.05,2020-03-09,1
1035,1.28,2020-03-04,1,0.48,2020-02-22,1
1036,1.29,2020-03-04,1,0.9400000000000001,2020-03-04,1
1037,1.3,2020-03-04,1,0.2,2020-02-25,1
1038,1.31,2020-03-04,1,0.66,2020-02-17,1
1039,1.32,2020-03-04,1,0.46,2020-02-16,1
1040,1.33,2020-03-04,1,0.66,2020-03-10,1
1041,1.34,2020-03-04,1,1.31,2020-03-03,1
1042,1.35,2020-03-04,1,0.07,2020-03-11,1
1043,1.36,2020-03-04,1,1.49,2020-02-23,1
1044,1.37,2020-03-04,1,0.58,2020-03-12,1
1045,1.3800000000000001,2020-03-04,1,1.47,2020-03-03,1
1046,1.3900000000000001,2020-03-04,1,1.23,2020-02-19,1
1047,1.4000000000000001,2020-03-04,1,0.04,2020-02-17,1
1048,1.41,2020-03-04,1,1.4000000000000001,2020-02-26,1
1049,1.42,2020-03-04,1,1.42,2020-02-18,1
1050,1.43,2020-03-04,1,0.98,2020-03-02,1
1051,1.44,2020-03-04,1,1.02,2020-03-07,1
1052,1.45,2020-03-04,1,1.36,2020-03-01,1
1053,1.46,2020-03-04,1,1.35,2020-03-11,1
1054,1.47,2020-03-04,1,0.77,2020-02-15,1
1055,1.48,2020-03-04,1,0.56,2020-03-09,1
1056,1.49,2020-03-04,1,0.34,2020-03-07,1
1057,1.5,2020-03-04,1,1.37,2020-02-24,1
1058,0,2020-03-07,1,0.01,2020-02-20,1
1059,0.01,2020-03-07,1,1.19,2020-02-22,1
1060,0.02,2020-03-07,1,0.23,2020-02-17,1
1061,0.03,2020-03-07,1,0.08,2020-02-16,1
1062,0.04,2020-03-07,1,1.26,2020-03-02,1
1063,0.05,2020-03-07,1,0.81,2020-02-23,1
1064,0.06,2020-03-07,1,0.23,2020-02-16,1
1065,0.07,2020-03-07,1,0.92,2020-03-06,1
1066,0.08,2020-03-07,1,0.53,2020-02-23,1
1067,0.09,2020-03-07,1,0.4,2020-03-08,1
1068,0.1,2020-03-07,1,0.03,2020-02-20,1
1069,0.11,2020-03-07,1,0.53,2020-02-28,1
1070,0.12,2020-03-07,1,1.45,2020-03-02,1
1071,0.13,2020-03-07,1,0.44,2020-03-02,1
1072,0.14,2020-03-07,1,0.1,2020-02-21,1
1073,0.15,2020-03-07,1,0.2,2020-03-01,1
1074,0.16,2020-03-07,1,0.75,2020-02-25,1
1075,0.17,2020-03-07,1,0.3,2020-02-28,1
1076,0.18,2020-03-07,1,0.71,2020-02-19,1
1077,0.19,2020-03-07,1,1.09,2020-02-29,1
1078,0.2,2020-03-07,1,1.5,2020-02-27,1
1079,0.21,2020-03-07,1,0.85,2020-02-20,1
1080,0.22,2020-03-07,1,0.55,2020-03-11,1
1081,0.23,2020-03-07,1,0.16,2020-02-25,1
1082,0.24,2020-03-07,1,0.68,2020-02-29,1
1083,0.25,2020-03-07,1,1.07,2020-02-27,1
1084,0.26,2020-03-07,1,0.46,2020-03-09,1
1085,0.27,2020-03-07,1,0.5,2020-03-07,1
1086,0.28,2020-03-07,1,0,2020-02-22,1
1087,0.29,2020-03-07,1,0.79,2020-03-02,1
1088,0.3,2020-03-07,1,0.61,2020-02-21,1
1089,0.31,2020-03-07,1,0.58,2020-03-12,1
1090,0.32,2020-03-07,1,0.93,2020-02-24,1
1091,0.33,2020-03-07,1,1.5,2020-03-02,1
1092,0.34,2020-03-07,1,0.1,2020-02-24,1
1093,0.35000000000000003,2020-03-07,1,0.98,2020-02-24,1
1094,0.36,2020-03-07,1,0.28,2020-03-08,1
1095,0.37,2020-03-07,1,1.36,2020-03-07,1
1096,0.38,2020-03-07,1,0.84,2020-03-02,1
1097,0.39,2020-03-07,1,0.5,2020-03-07,1
1098,0.4,2020-03-07,1,0.52,2020-02-16,1
1099,0.41000000000000003,2020-03-07,1,0.32,2020-03-13,1
1100,0.42,2020-03-07,1,0.91,2020-02-22,1
1101,0.43,2020-03-07,1,1.04,2020-03-13,1
1102,0.44,2020-03-07,1,0.41000000000000003,2020-02-27,1
1103,0.45,2020-03-07,1,1.32,2020-02-29,1
1104,0.46,2020-03-07,1,0.88,2020-03-04,1
1105,0.47000000000000003,2020-03-07,1,0.6900000000000001,2020-02-25,1
1106,0.48,2020-03-07,1,0.55,2020-03-03,1
1107,0.49,2020-03-07,1,0.55,2020-03-11,1
1108,0.5,2020-03-07,1,0.93,2020-02-18,1
1109,0.51,2020-03-07,1,1.17,2020-03-06,1
1110,0.52,2020-03-07,1,0.84,2020-02-28,1
1111,0.53,2020-03-07,1,0.85,2020-02-26,1
1112,0.54,2020-03-07,1,0.97,2020-02-16,1
1113,0.55,2020-03-07,1,0.2,2020-03-10,1
1114,0.56,2020-03-07,1,0.81,2020-02-26,1
1115,0.5700000000000001,2020-03-07,1,0.67,2020-02-18,1
1116,0.58,2020-03-07,1,1.4000000000000001,2020-02-17,1
1117,0.59,2020-03-07,1,0.44,2020-02-28,1
1118,0.6,2020-03-07,1,1.45,2020-02-24,1
1119,0.61,2020-03-07,1,0.8,2020-03-10,1
1120,0.62,2020-03-07,1,1.3800000000000001,2020-03-05,1
1121,0.63,2020-03-07,1,0.88,2020-03-02,1
1122,0.64,2020-03-07,1,1.03,2020-02-22,1
1123,0.65,2020-03-07,1,0.88,2020-02-15,1
1124,0.66,2020-03-07,1,0.21,2020-03-06,1
1125,0.67,2020-03-07,1,1.05,2020-03-05,1
1126,0.68,2020-03-07,1,0.5,2020-02-26,1
1127,0.6900000000000001,2020-03-07,1,1.3,2020-03-04,1
1128,0.7000000000000001,2020-03-07,1,0.53,2020-02-15,1
1129,0.71,2020-03-07,1,0.36,2020-03-09,1
1130,0.72,2020-03-07,1,0.86,2020-03-11,1
1131,0.73,2020-03-07,1,1.06,2020-03-11,1
1132,0.74,2020-03-07,1,0.71,2020-02-25,1
1133,0.75,2020-03-07,1,1.04,2020-02-26,1
1134,0.76,2020-03-07,1,0,2020-03-06,1
1135,0.77,2020-03-07,1,0.51,2020-02-16,1
1136,0.78,2020-03-07,1,0.06,2020-02-27,1
1137,0.79,2020-03-07,1,0.03,2020-02-22,1
1138,0.8,2020-03-07,1,1.04,2020-02-25,1
1139,0.81,2020-03-07,1,1.05,2020-03-10,1
1140,0.8200000000000001,2020-03-07,1,1.28,2020-02-29,1
1141,0.8300000000000001,2020-03-07,1,1.34,2020-03-08,1
1142,0.84,2020-03-07,1,0.04,2020-02-20,1
1143,0.85,2020-03-07,1,1.36,2020-02-26,1
1144,0.86,2020-03-07,1,1.3800000000000001,2020-03-08,1
1145,0.87,2020-03-07,1,0.24,2020-03-08,1
1146,0.88,2020-03-07,1,0.91,2020-03-03,1
1147,0.89,2020-03-07,1,1.21,2020-03-08,1
1148,0.9,2020-03-07,1,0.97,2020-02-25,1
1149,0.91,2020-03-07,1,0.85,2020-03-13,1
1150,0.92,2020-03-07,1,0.52,2020-02-26,1
1151,0.93,2020-03-07,1,1.44,2020-02-21,1
1152,0.9400000000000001,2020-03-07,1,0.79,2020-02-20,1
1153,0.9500000000000001,2020-03-07,1,0.74,2020-02-24,1
1154,0.96,2020-03-07,1,0.53,2020-03-10,1
1155,0.97,2020-03-07,1,1.1,2020-03-10,1
1156,0.98,2020-03-07,1,0.35000000000000003,2020-02-17,1
1157,0.99,2020-03-07,1,1.26,2020-03-12,1
1158,1,2020-03-07,1,0.65,2020-02-27,1
1159,1.01,2020-03-07,1,1.24,2020-02-15,1
1160,1.02,2020-03-07,1,1.1400000000000001,2020-03-04,1
1161,1.03,2020-03-07,1,0.93,2020-03-05,1
1162,1.04,2020-03-07,1,1.32,2020-02-28,1
1163,1.05,2020-03-07,1,0.05,2020-02-16,1
1164,1.06,2020-03-07,1,1.05,2020-02-28,1
1165,1.07,2020-03-07,1,1.19,2020-03-03,1
1166,1.08,2020-03-07,1,1.09,2020-03-03,1
1167,1.09,2020-03-07,1,0.53,2020-02-24,1
1168,1.1,2020-03-07,1,0.99,2020-02-27,1
1169,1.11,2020-03-07,1,1.02,2020-03-06,1
1170,1.12,2020-03-07,1,1.02,2020-03-12,1
1171,1.1300000000000001,2020-03-07,1,1.12,2020-03-04,1
1172,1.1400000000000001,2020-03-07,1,0.73,2020-02-22,1
1173,1.1500000000000001,2020-03-07,1,0.24,2020-03-13,1
1174,1.16,2020-03-07,1,1.46,2020-02-28,1
1175,1.17,2020-03-07,1,1.34,2020-03-05,1
1176,1.18,2020-03-07,1,0.61,2020-03-04,1
1177,1.19,2020-03-07,1,0.67,2020-03-13,1
1178,1.2,2020-03-07,1,0.16,2020-03-13,1
1179,1.21,2020-03-07,1,0.04,2020-02-29,1
1180,1.22,2020-03-07,1,1.06,2020-02-27,1
1181,1.23,2020-03-07,1,0.96,2020-02-16,1
1182,1.24,2020-03-07,1,0.9500000000000001,2020-03-04,1
1183,1.25,2020-03-07,1,0.36,2020-03-09,1
1184,1.26,2020-03-07,1,0.51,2020-02-17,1
1185,1.27,2020-03-07,1,0.61,2020-03-05,1
1186,1.28,2020-03-07,1,1.4000000000000001,2020-03-06,1
1187,1.29,2020-03-07,1,0,2020-02-28,1
1188,1.3,2020-03-07,1,1.31,2020-03-02,1
1189,1.31,2020-03-07,1,0.12,2020-03-02,1
1190,1.32,2020-03-07,1,1.42,2020-03-08,1
1191,1.33,2020-03-07,1,1.25,2020-02-18,1
1192,1.34,2020-03-07,1,0.17,2020-03-10,1
1193,1.35,2020-03-07,1,0.8200000000000001,2020-03-11,1
1194,1.36,2020-03-07,1,1.2,2020-02-24,1
1195,1.37,2020-03-07,1,0.58,2020-02-28,1
1196,1.3800000000000001,2020-03-07,1,1.37,2020-03-13,1
1197,1.3900000000000001,2020-03-07,1,1.33,2020-02-24,1
1198,1.4000000000000001,2020-03-07,1,1.01,2020-03-06,1
1199,1.41,2020-03-07,1,0.15,2020-02-24,1
1200,1.42,2020-03-07,1,0.23,2020-03-10,1
1201,1.43,2020-03-07,1,0.66,2020-03-05,1
1202,1.44,2020-03-07,1,1.17,2020-02-26,1
1203,1.45,2020-03-07,1,1.18,2020-02-18,1
1204,1.46,2020-03-07,1,0.52,2020-02-20,1
1205,1.47,2020-03-07,1,1.07,2020-02-17,1
1206,1.48,2020-03-07,1,1.17,2020-03-13,1
1207,1.49,2020-03-07,1,1.36,2020-02-27,1
1208,1.5,2020-03-07,1,0.04,2020-02-15,1
1209,0,2020-03-10,1,0.22,2020-02-25,1
1210,0.01,2020-03-10,1,0.02,2020-03-10,1
1211,0.02,2020-03-10,1,0.9,2020-03-05,1
1212,0.03,2020-03-10,1,0.05,2020-02-25,1
1213,0.04,2020-03-10,1,1.31,2020-03-01,1
1214,0.05,2020-03-10,1,1.26,2020-03-07,1
1215,0.06,2020-03-10,1,0.52,2020-03-04,1
1216,0.07,2020-03-10,1,0.64,2020-03-04,1
1217,0.08,2020-03-10,1,0.28,2020-02-18,1
1218,0.09,2020-03-10,1,0.12,2020-03-04,1
1219,0.1,2020-03-10,1,1.3900000000000001,2020-03-04,1
1220,0.11,2020-03-10,1,0.93,2020-02-25,1
1221,0.12,2020-03-10,1,1.43,2020-03-06,1
1222,0.13,2020-03-10,1,0.34,2020-02-26,1
1223,0.14,2020-03-10,1,1.1400000000000001,2020-03-02,1
1224,0.15,2020-03-10,1,0.33,2020-03-10,1
1225,0.16,2020-03-10,1,0.34,2020-02-28,1
1226,0.17,2020-03-10,1,0.26,2020-02-20,1
1227,0.18,2020-03-10,1,1.16,2020-03-03,1
1228,0.19,2020-03-10,1,0.87,2020-03-12,1
1229,0.2,2020-03-10,1,0.17,2020-03-03,1
1230,0.21,2020-03-10,1,1.12,2020-03-12,1
1231,0.22,2020-03-10,1,0.47000000000000003,2020-02-15,1
1232,0.23,2020-03-10,1,0.61,2020-02-23,1
1233,0.24,2020-03-10,1,0.92,2020-03-03,1
1234,0.25,2020-03-10,1,0.8200000000000001,2020-02-27,1
1235,0.26,2020-03-10,1,0.64,2020-02-27,1
1236,0.27,2020-03-10,1,0.14,2020-02-17,1
1237,0.28,2020-03-10,1,0.75,2020-02-26,1
1238,0.29,2020-03-10,1,0.3,2020-03-13,1
1239,0.3,2020-03-10,1,0.64,2020-02-16,1
1240,0.31,2020-03-10,1,1,2020-03-03,1
1241,0.32,2020-03-10,1,0.07,2020-03-07,1
1242,0.33,2020-03-10,1,0.15,2020-03-01,1
1243,0.34,2020-03-10,1,0.97,2020-02-29,1
1244,0.35000000000000003,2020-03-10,1,1.35,2020-03-01,1
1245,0.36,2020-03-10,1,0.9,2020-03-03,1
1246,0.37,2020-03-10,1,0.6,2020-03-08,1
1247,0.38,2020-03-10,1,0.73,2020-02-19,1
1248,0.39,2020-03-10,1,0.84,2020-03-07,1
1249,0.4,2020-03-10,1,0.96,2020-02-23,1
1250,0.41000000000000003,2020-03-10,1,0.3,2020-03-07,1
1251,0.42,2020-03-10,1,0.72,2020-03-02,1
1252,0.43,2020-03-10,1,1.4000000000000001,2020-03-06,1
1253,0.44,2020-03-10,1,1.23,2020-03-02,1
1254,0.45,2020-03-10,1,0.77,2020-02-23,1
1255,0.46,2020-03-10,1,1.22,2020-03-08,1
1256,0.47000000000000003,2020-03-10,1,0.43,2020-02-22,1
1257,0.48,2020-03-10,1,0.62,2020-02-25,1
1258,0.49,2020-03-10,1,1.07,2020-03-13,1
1259,0.5,2020-03-10,1,1.25,2020-02-18,1
1260,0.51,2020-03-10,1,0.63,2020-03-06,1
1261,0.52,2020-03-10,1,0.32,2020-02-18,1
1262,0.53,2020-03-10,1,1.03,2020-03-03,1
1263,0.54,2020-03-10,1,1.27,2020-02-19,1
1264,0.55,2020-03-10,1,0.98,2020-02-24,1
1265,0.56,2020-03-10,1,1.19,2020-02-22,1
1266,0.5700000000000001,2020-03-10,1,1.12,2020-02-17,1
1267,0.58,2020-03-10,1,0.36,2020-02-26,1
1268,0.59,2020-03-10,1,1.25,2020-03-13,1
1269,0.6,2020-03-10,1,1.26,2020-02-26,1
1270,0.61,2020-03-10,1,0.54,2020-03-06,1
1271,0.62,2020-03-10,1,0.49,2020-02-17,1
1272,0.63,2020-03-10,1,0.48,2020-03-09,1
1273,0.64,2020-03-10,1,0.76,2020-03-10,1
1274,0.65,2020-03-10,1,0.84,2020-03-06,1
1275,0.66,2020-03-10,1,1.49,2020-02-28,1
1276,0.67,2020-03-10,1,1.44,2020-03-08,1
1277,0.68,2020-03-10,1,0.84,2020-03-09,1
1278,0.6900000000000001,2020-03-10,1,0.43,2020-03-13,1
1279,0.7000000000000001,2020-03-10,1,0.97,2020-02-27,1
1280,0.71,2020-03-10,1,0.2,2020-03-12,1
1281,0.72,2020-03-10,1,0.9500000000000001,2020-03-08,1
1282,0.73,2020-03-10,1,1.03,2020-02-17,1
1283,0.74,2020-03-10,1,0.33,2020-02-27,1
1284,0.75,2020-03-10,1,0.92,2020-02-23,1
1285,0.76,2020-03-10,1,0.03,2020-02-18,1
1286,0.77,2020-03-10,1,0.13,2020-02-17,1
1287,0.78,2020-03-10,1,1.34,2020-03-13,1
1288,0.79,2020-03-10,1,0.39,2020-03-03,1
1289,0.8,2020-03-10,1,0.67,2020-02-17,1
1290,0.81,2020-03-10,1,0.18,2020-02-29,1
1291,0.8200000000000001,2020-03-10,1,0.49,2020-02-24,1
1292,0.8300000000000001,2020-03-10,1,0.17,2020-02-22,1
1293,0.84,2020-03-10,1,1.07,2020-03-01,1
1294,0.85,2020-03-10,1,0.59,2020-03-06,1
1295,0.86,2020-03-10,1,0.19,2020-02-22,1
1296,0.87,2020-03-10,1,0.5,2020-03-06,1
1297,0.88,2020-03-10,1,1.11,2020-02-28,1
1298,0.89,2020-03-10,1,0.01,2020-02-25,1
1299,0.9,2020-03-10,1,0.73,2020-02-26,1
1300,0.91,2020-03-10,1,1.48,2020-02-18,1
1301,0.92,2020-03-10,1,1.21,2020-03-07,1
1302,0.93,2020-03-10,1,0.36,2020-03-02,1
1303,0.9400000000000001,2020-03-10,1,0.81,2020-02-23,1
1304,0.9500000000000001,2020-03-10,1,0.41000000000000003,2020-02-19,1
1305,0.96,2020-03-10,1,0.73,2020-03-11,1
1306,0.97,2020-03-10,1,1.44,2020-03-02,1
1307,0.98,2020-03-10,1,0.18,2020-02-19,1
1308,0.99,2020-03-10,1,1.2,2020-03-11,1
1309,1,2020-03-10,1,0.6,2020-02-19,1
1310,1.01,2020-03-10,1,0.63,2020-02-27,1
1311,1.02,2020-03-10,1,1.46,2020-02-25,1
1312,1.03,2020-03-10,1,1.02,2020-03-12,1
1313,1.04,2020-03-10,1,0.99,2020-02-21,1
1314,1.05,2020-03-10,1,0.41000000000000003,2020-02-19,1
1315,1.06,2020-03-10,1,0.03,2020-03-11,1
1316,1.07,2020-03-10,1,1.45,2020-03-13,1
1317,1.08,2020-03-10,1,0.38,2020-02-22,1
1318,1.09,2020-03-10,1,0.32,2020-02-27,1
1319,1.1,2020-03-10,1,0.86,2020-02-26,1
1320,1.11,2020-03-10,1,0.52,2020-02-27,1
1321,1.12,2020-03-10,1,0.16,2020-03-10,1
1322,1.1300000000000001,2020-03-10,1,0.28,2020-02-15,1
1323,1.1400000000000001,2020-03-10,1,0.93,2020-02-17,1
1324,1.1500000000000001,2020-03-10,1,1.05,2020-03-06,1
1325,1.16,2020-03-10,1,0.27,2020-03-10,1
1326,1.17,2020-03-10,1,0.72,2020-03-02,1
1327,1.18,2020-03-10,1,0.55,2020-03-06,1
1328,1.19,2020-03-10,1,1.19,2020-03-02,1
1329,1.2,2020-03-10,1,0.87,2020-02-21,1
1330,1.21,2020-03-10,1,0.14,2020-03-08,1
1331,1.22,2020-03-10,1,0.9500000000000001,2020-02-25,1
1332,1.23,2020-03-10,1,1.3800000000000001,2020-03-08,1
1333,1.24,2020-03-10,1,0.35000000000000003,2020-03-09,1
1334,1.25,2020-03-10,1,0.42,2020-03-11,1
1335,1.26,2020-03-10,1,0.98,2020-03-06,1
1336,1.27,2020-03-10,1,0.62,2020-02-20,1
1337,1.28,2020-03-10,1,1.24,2020-03-13,1
1338,1.29,2020-03-10,1,0.73,2020-03-11,1
1339,1.3,2020-03-10,1,0.86,2020-03-03,1
1340,1.31,2020-03-10,1,0.08,2020-02-20,1
1341,1.32,2020-03-10,1,0.5700000000000001,2020-02-17,1
1342,1.33,2020-03-10,1,0.88,2020-03-10,1
1343,1.34,2020-03-10,1,1.01,2020-03-10,1
1344,1.35,2020-03-10,1,0.91,2020-03-08,1
1345,1.36,2020-03-10,1,0.1,2020-03-04,1
1346,1.37,2020-03-10,1,0.71,2020-03-02,1
1347,1.3800000000000001,2020-03-10,1,0.1,2020-02-28,1
1348,1.3900000000000001,2020-03-10,1,0.26,2020-02-27,1
1349,1.4000000000000001,2020-03-10,1,0.78,2020-02-20,1
1350,1.41,2020-03-10,1,1.33,2020-02-22,1
1351,1.42,2020-03-10,1,1.21,2020-02-24,1
1352,1.43,2020-03-10,1,1.1,2020-02-15,1
1353,1.44,2020-03-10,1,1.24,2020-02-27,1
1354,1.45,2020-03-10,1,1.11,2020-02-27,1
1355,1.46,2020-03-10,1,0.63,2020-02-23,1
1356,1.47,2020-03-10,1,1.01,2020-03-03,1
1357,1.48,2020-03-10,1,0.16,2020-02-22,1
1358,1.49,2020-03-10,1,0.37,2020-02-24,1
1359,1.5,2020-03-10,1,0.71,2020-02-29,1
1360,0,2020-03-13,1,0.04,2020-02-23,1
1361,0.01,2020-03-13,1,0.51,2020-02-15,1
1362,0.02,2020-03-13,1,0.38,2020-02-15,1
1363,0.03,2020-03-13,1,0.9400000000000001,2020-02-28,1
1364,0.04,2020-03-13,1,0.86,2020-02-25,1
1365,0.05,2020-03-13,1,0.61,2020-02-28,1
1366,0.06,2020-03-13,1,1.05,2020-02-29,1
1367,0.07,2020-03-13,1,0.78,2020-02-28,1
1368,0.08,2020-03-13,1,1.17,2020-03-02,1
1369,0.09,2020-03-13,1,0.88,2020-03-09,1
1370,0.1,2020-03-13,1,0.44,2020-02-16,1
1371,0.11,2020-03-13,1,1.03,2020-03-13,1
1372,0.12,2020-03-13,1,1,2020-03-01,1
1373,0.13,2020-03-13,1,1.49,2020-02-22,1
1374,0.14,2020-03-13,1,0.25,2020-02-27,1
1375,0.15,2020-03-13,1,0.08,2020-03-11,1
1376,0.16,2020-03-13,1,0.89,2020-03-01,1
1377,0.17,2020-03-13,1,0.34,2020-02-25,1
1378,0.18,2020-03-13,1,1.3,2020-03-10,1
1379,0.19,2020-03-13,1,0.17,2020-03-03,1
1380,0.2,2020-03-13,1,0.48,2020-03-08,1
1381,0.21,2020-03-13,1,1.02,2020-02-20,1
1382,0.22,2020-03-13,1,1.48,2020-03-06,1
1383,0.23,2020-03-13,1,0.51,2020-02-27,1
1384,0.24,2020-03-13,1,1.29,2020-02-25,1
1385,0.25,2020-03-13,1,0.48,2020-03-06,1
1386,0.26,2020-03-13,1,0.37,2020-03-07,1
1387,0.27,2020-03-13,1,0.3,2020-03-03,1
1388,0.28,2020-03-13,1,1.23,2020-02-19,1
1389,0.29,2020-03-13,1,1.17,2020-03-08,1
1390,0.3,2020-03-13,1,0.6900000000000001,2020-02-20,1
1391,0.31,2020-03-13,1,0.99,2020-03-01,1
1392,0.32,2020-03-13,1,1.46,2020-02-27,1
1393,0.33,2020-03-13,1,0.96,2020-02-19,1
1394,0.34,2020-03-13,1,0.41000000000000003,2020-03-01,1
1395,0.35000000000000003,2020-03-13,1,1.06,2020-02-25,1
1396,0.36,2020-03-13,1,1.29,2020-03-09,1
1397,0.37,2020-03-13,1,0.18,2020-02-20,1
1398,0.38,2020-03-13,1,1.08,2020-03-06,1
1399,0.39,2020-03-13,1,0.13,2020-02-28,1
1400,0.4,2020-03-13,1,1.1,2020-02-21,1
1401,0.41000000000000003,2020-03-13,1,0.75,2020-03-13,1
1402,0.42,2020-03-13,1,0.11,2020-02-21,1
1403,0.43,2020-03-13,1,0.78,2020-03-06,1
1404,0.44,2020-03-13,1,0.08,2020-03-03,1
1405,0.45,2020-03-13,1,0.61,2020-03-03,1
1406,0.46,2020-03-13,1,0.96,2020-03-06,1
1407,0.47000000000000003,2020-03-13,1,1.21,2020-03-09,1
1408,0.48,2020-03-13,1,0.77,2020-03-13,1
1409,0.49,2020-03-13,1,0.2,2020-02-17,1
1410,0.5,2020-03-13,1,0.47000000000000003,2020-02-26,1
1411,0.51,2020-03-13,1,1.5,2020-03-11,1
1412,0.52,2020-03-13,1,0.63,2020-03-03,1
1413,0.53,2020-03-13,1,0.73,2020-02-29,1
1414,0.54,2020-03-13,1,0.92,2020-02-26,1
1415,0.55,2020-03-13,1,0.52,2020-03-02,1
1416,0.56,2020-03-13,1,0.28,2020-03-06,1
1417,0.5700000000000001,2020-03-13,1,0.88,2020-02-19,1
1418,0.58,2020-03-13,1,0.33,2020-03-08,1
1419,0.59,2020-03-13,1,1.25,2020-02-18,1
1420,0.6,2020-03-13,1,0.97,2020-03-07,1
1421,0.61,2020-03-13,1,0.92,2020-02-28,1
1422,0.62,2020-03-13,1,1.44,2020-03-04,1
1423,0.63,2020-03-13,1,1.08,2020-02-28,1
1424,0.64,2020-03-13,1,0.1,2020-02-26,1
1425,0.65,2020-03-13,1,0.14,2020-03-12,1
1426,0.66,2020-03-13,1,0.39,2020-03-07,1
1427,0.67,2020-03-13,1,0.84,2020-02-26,1
1428,0.68,2020-03-13,1,1.04,2020-02-16,1
1429,0.6900000000000001,2020-03-13,1,0.64,2020-03-09,1
1430,0.7000000000000001,2020-03-13,1,0.31,2020-02-29,1
1431,0.71,2020-03-13,1,0.11,2020-02-27,1
1432,0.72,2020-03-13,1,0.86,2020-03-01,1
1433,0.73,2020-03-13,1,0.68,2020-03-04,1
1434,0.74,2020-03-13,1,0.6900000000000001,2020-03-11,1
1435,0.75,2020-03-13,1,0.37,2020-03-11,1
1436,0.76,2020-03-13,1,0.97,2020-03-04,1
1437,0.77,2020-03-13,1,0.6900000000000001,2020-03-02,1
1438,0.78,2020-03-13,1,0.99,2020-03-05,1
1439,0.79,2020-03-13,1,1.23,2020-02-23,1
1440,0.8,2020-03-13,1,1.01,2020-02-15,1
1441,0.81,2020-03-13,1,0.36,2020-02-18,1
1442,0.8200000000000001,2020-03-13,1,1.32,2020-02-21,1
1443,0.8300000000000001,2020-03-13,1,1.27,2020-02-27,1
1444,0.84,2020-03-13,1,1.34,2020-02-20,1
1445,0.85,2020-03-13,1,1.27,2020-02-18,1
1446,0.86,2020-03-13,1,1.35,2020-03-06,1
1447,0.87,2020-03-13,1,0.24,2020-02-27,1
1448,0.88,2020-03-13,1,0.17,2020-02-22,1
1449,0.89,2020-03-13,1,0.63,2020-03-12,1
1450,0.9,2020-03-13,1,0.19,2020-02-22,1
1451,0.91,2020-03-13,1,0.75,2020-02-18,1
1452,0.92,2020-03-13,1,0.8200000000000001,2020-02-27,1
1453,0.93,2020-03-13,1,0.11,2020-02-17,1
1454,0.9400000000000001,2020-03-13,1,0,2020-02-22,1
1455,0.9500000000000001,2020-03-13,1,0.62,2020-02-27,1
1456,0.96,2020-03-13,1,0.12,2020-02-26,1
1457,0.97,2020-03-13,1,1.1500000000000001,2020-02-16,1
1458,0.98,2020-03-13,1,1.4000000000000001,2020-03-08,1
1459,0.99,2020-03-13,1,0.45,2020-02-25,1
1460,1,2020-03-13,1,0.11,2020-03-03,1
1461,1.01,2020-03-13,1,1.31,2020-02-23,1
1462,1.02,2020-03-13,1,0.26,2020-02-19,1
1463,1.03,2020-03-13,1,0.9400000000000001,2020-02-15,1
1464,1.04,2020-03-13,1,0.46,2020-03-11,1
1465,1.05,2020-03-13,1,0.5700000000000001,2020-03-01,1
1466,1.06,2020-03-13,1,1.47,2020-02-15,1
1467,1.07,2020-03-13,1,0.85,2020-02-18,1
1468,1.08,2020-03-13,1,0.05,2020-02-27,1
1469,1.09,2020-03-13,1,0.32,2020-03-03,1
1470,1.1,2020-03-13,1,0.35000000000000003,2020-02-28,1
1471,1.11,2020-03-13,1,1.18,2020-02-27,1
1472,1.12,2020-03-13,1,0.19,2020-03-11,1
1473,1.1300000000000001,2020-03-13,1,0.26,2020-02-23,1
1474,1.1400000000000001,2020-03-13,1,1.04,2020-03-13,1
1475,1.1500000000000001,2020-03-13,1,0.33,2020-03-07,1
1476,1.16,2020-03-13,1,0.92,2020-02-23,1
1477,1.17,2020-03-13,1,0.9400000000000001,2020-02-28,1
1478,1.18,2020-03-13,1,1.02,2020-03-07,1
1479,1.19,2020-03-13,1,0.85,2020-03-13,1
1480,1.2,2020-03-13,1,1.41,2020-02-28,1
1481,1.21,2020-03-13,1,0.5,2020-02-27,1
1482,1.22,2020-03-13,1,1.09,2020-03-04,1
1483,1.23,2020-03-13,1,0.58,2020-02-28,1
1484,1.24,2020-03-13,1,1.41,2020-03-07,1
1485,1.25,2020-03-13,1,0.27,2020-02-15,1
1486,1.26,2020-03-13,1,0.67,2020-03-11,1
1487,1.27,2020-03-13,1,0.33,2020-03-04,1
1488,1.28,2020-03-13,1,1.29,2020-03-12,1
1489,1.29,2020-03-13,1,0.47000000000000003,2020-02-27,1
1490,1.3,2020-03-13,1,0.7000000000000001,2020-03-12,1
1491,1.31,2020-03-13,1,1.03,2020-03-07,1
1492,1.32,2020-03-13,1,0.9500000000000001,2020-03-06,1
1493,1.33,2020-03-13,1,0,2020-02-21,1
1494,1.34,2020-03-13,1,1.47,2020-03-05,1
1495,1.35,2020-03-13,1,1.22,2020-03-02,1
1496,1.36,2020-03-13,1,0.58,2020-02-26,1
1497,1.37,2020-03-13,1,0.24,2020-03-06,1
1498,1.3800000000000001,2020-03-13,1,0.54,2020-02-19,1
1499,1.3900000000000001,2020-03-13,1,0.73,2020-02-21,1
1500,1.4000000000000001,2020-03-13,1,0.44,2020-02-19,1
1501,1.41,2020-03-13,1,0.61,2020-02-17,1
1502,1.42,2020-03-13,1,0.16,2020-02-20,1
1503,1.43,2020-03-13,1,0.5700000000000001,2020-03-07,1
1504,1.44,2020-03-13,1,1.34,2020-02-29,1
1505,1.45,2020-03-13,1,1.22,2020-02-22,1
1506,1.46,2020-03-13,1,0.04,2020-03-01,1
1507,1.47,2020-03-13,1,0.59,2020-03-04,1
1508,1.48,2020-03-13,1,0.8200000000000001,2020-03-08,1
1509,1.49,2020-03-13,1,0.84,2020-02-22,1
1510,1.5,2020-03-13,1,0.34,2020-03-06,1
